"source","term_name","term_id","adjusted_p_value","negative_log10_of_adjusted_p_value","term_size","query_size","intersection_size","effective_domain_size","intersections"
"GO:BP","cellular metabolic process","GO:0044237","8.011959818653254e-26","25.096261237433993","4257","702","406","11240","NARS,ADSL,HTATSF1,LARP7,E2F1,FZR1,EIF1B,NRK,MYBL1,CDC25B,ZBED3,MAST1,MRPS7,BUB1,DLX3,CS,RPL18A,PLK1,BUB1B,VRK1,TRP53,TPX2,POLR2A,CDCA2,FUS,INTS7,GMNN,UMPS,SFMBT1,PASK,TRMT2A,CDCA7,CDCA7L,NEUROG1,MRE11A,GINS1,MPI,LSM6,RYBP,ISY1,RCL1,DNA2,METTL1,RNF168,TPST1,NME1,UCHL5,DCTD,GTF2E2,ATP5C1,THTPA,POLE2,SHMT2,MSH6,DNMT1,EED,ART1,PIF1,CDC20,MYBBP1A,PRMT3,DTYMK,POLD2,GMPS,PBK,GINS4,DHFR,APEX1,RFC2,MED18,CAMK4,FASN,RAD23A,SF3B5,TRMT61A,HMBS,FANCA,ORMDL1,ADK,TSEN15,NSMCE4A,MAP2K2,CDC26,WDR4,B3GALNT1,BRSK2,PPID,FOXP4,HMGA2,EIF4E2,ENO4,MED9,USP14,PLK4,CAD,FANCB,SIN3A,POLA2,PANK2,MAST2,PBX1,HNRNPA2B1,PPHLN1,MMS22L,UCHL3,KIF22,MCM5,IMPDH2,BCLAF1,MCM4,MCM6,E2F8,RFWD3,LIG1,POLA1,USP1,RAD51AP1,UNG,PRIM1,ATAD2,GINS2,BRCA1,LSM2,TINF2,BRIP1,E2F7,RRM1,MCM2,RBL1,MSH2,TERF1,CDC25A,PKNOX1,E2F2,MYB,DCTPP1,GART,TIPIN,BLM,NEUROD1,SRSF10,PPAT,NEUROD2,CBFA2T2,CSNK2A1,RFC1,PSMC3IP,HAT1,MSX1,PHF20,ELOVL2,FKBP5,SIAH1B,CDC25C,SRM,MRPL13,SNRPG,ITGB3BP,ADA,POLD3,LIN9,PRIM2,PRMT8,CDK2,DARS,WEE2,MCM7,U2AF1,CHEK1,MRPL12,GAR1,GTF2F2,RBM17,SRRT,ID3,EXOSC1,MCM10,POP4,PSMC6,AARS,BRCA2,GEMIN6,RAD18,PPP5C,RFC4,PCNA,RAD51,CTPS,SMC1A,TEAD2,EXO1,DCK,RAD51C,BRCC3,MRPL37,NEUROD4,ENY2,SSBP1,GTF2H4,ALDH1A3,PARP2,RPP14,IMPA2,FARSA,MYCN,E2F5,DGCR8,E2F4,CDC7,KIT,EIF1AX,MRPL16,RTEL1,SRRM1,TFDP2,RBFOX2,ID2,SF1,PPWD1,NFYB,LSM4,AURKA,NEK2,LSM3,FOXM1,TRIT1,HES5,L3MBTL2,OXCT1,PRKCSH,PRPF31,SUV39H2,MAML3,CCNT1,BPTF,POU2F1,USP29,FANCI,THOC7,DCLK2,MRPL11,EIF3B,TBRG4,EIF5,MRPS17,CCAR1,MRPS23,MSL3,SMARCA4,GON4L,UPF3B,EIF3C,STK33,RBM8A,SRSF11,TSN,RARA,POLR3K,TOP1,MRPS12,RPS11,MAPK13,NCBP1,ACY1,SUV39H1,PRPF3,ACD,DMRT1,PIM2,SART1,GATA2,CCNK,CDKAL1,MRPL14,TBL3,PDIK1L,EMX1,TUFM,ST8SIA4,BOP1,NPR2,STK4,MRPL3,MRPL47,MED19,TRUB2,TAF11,WBP11,CWC15,PRMT7,CHEK2,MRRF,ASPHD2,DERA,MTBP,BARX2,PROX1,USP3,CREB5,TRP53INP1,TCEA3,EHF,BMX,PNPLA2,NME4,EIF2AK4,PIK3CG,B3GNT5,CITED4,USP13,ART5,INSRR,ASCL3,CUL3,FOXI1,HPGDS,DMRT2,FOXI2,INPPL1,ODC1,PAICS,PRMT1,FBL,CDK4,XRN2,ASCL1,RPS5,PTBP1,ID1,FOXG1,DMRTA2,MLH1,AURKB,MRPL32,ZC3H14,WDR91,PLA2G12A,ISL1,PAX6,DBP,PPA1,TAF12,CDK1,RPL4,RPS6,SP4,CUL2,RPS19,GPD1,TCF7,LTC4S,IKBKE,USP54,FDXACB1,TGDS,PYCR2,DIMT1,POP1,LARS,FOXP1,MCM3,RRM2,RPA2,TOP2A,MRPL18,ATP5B,CDC6,RPL13A,ATP5G1,CDKN3,PRPF40A,SNRPF,SRSF2,PPIL1,AK2,ORC6,GRK6,EEF1G,SNRNP25,PRMT5,HNRNPUL1,HNRNPL,KHSRP,RUNX2,TLE4,USP25,ETS1,EPHA1,DDI2,RORA,ABLIM3,TEAD3,ABL1,POLD4,MAP3K4,PITX1,RPS24,EPHB1,RPLP2,IMMP2L,PATZ1,ATP5H,PADI1,HIPK3,RPS13,PI4KB"
"GO:BP","cellular nitrogen compound metabolic process","GO:0034641","1.0396559628814525e-24","23.983110351221367","2615","702","288","11240","NARS,ADSL,HTATSF1,LARP7,E2F1,EIF1B,MYBL1,MRPS7,DLX3,RPL18A,TRP53,POLR2A,FUS,INTS7,UMPS,SFMBT1,TRMT2A,CDCA7,CDCA7L,NEUROG1,MRE11A,MPI,LSM6,RYBP,ISY1,RCL1,DNA2,METTL1,RNF168,NME1,DCTD,GTF2E2,ATP5C1,THTPA,MSH6,DNMT1,PIF1,MYBBP1A,DTYMK,GMPS,DHFR,APEX1,MED18,RAD23A,SF3B5,TRMT61A,HMBS,FANCA,ORMDL1,ADK,TSEN15,NSMCE4A,WDR4,FOXP4,HMGA2,EIF4E2,ENO4,MED9,CAD,FANCB,SIN3A,PANK2,PBX1,HNRNPA2B1,PPHLN1,MMS22L,KIF22,MCM5,IMPDH2,BCLAF1,MCM4,MCM6,E2F8,RFWD3,LIG1,USP1,RAD51AP1,UNG,PRIM1,ATAD2,BRCA1,LSM2,TINF2,BRIP1,E2F7,MCM2,RBL1,MSH2,TERF1,PKNOX1,E2F2,MYB,DCTPP1,GART,TIPIN,BLM,NEUROD1,SRSF10,PPAT,NEUROD2,CBFA2T2,RFC1,PSMC3IP,HAT1,MSX1,PHF20,SRM,MRPL13,SNRPG,ITGB3BP,ADA,LIN9,PRIM2,DARS,MCM7,U2AF1,MRPL12,GAR1,GTF2F2,RBM17,SRRT,ID3,EXOSC1,MCM10,POP4,AARS,BRCA2,GEMIN6,RAD18,RAD51,CTPS,SMC1A,TEAD2,EXO1,DCK,RAD51C,BRCC3,MRPL37,NEUROD4,ENY2,GTF2H4,RPP14,FARSA,MYCN,E2F5,DGCR8,E2F4,EIF1AX,MRPL16,RTEL1,SRRM1,TFDP2,RBFOX2,ID2,SF1,NFYB,LSM4,LSM3,FOXM1,TRIT1,HES5,L3MBTL2,PRPF31,MAML3,CCNT1,BPTF,POU2F1,FANCI,THOC7,MRPL11,EIF3B,TBRG4,EIF5,MRPS17,CCAR1,MRPS23,MSL3,SMARCA4,GON4L,UPF3B,EIF3C,RBM8A,SRSF11,TSN,RARA,POLR3K,TOP1,MRPS12,RPS11,NCBP1,PRPF3,ACD,DMRT1,SART1,GATA2,CCNK,CDKAL1,MRPL14,TBL3,EMX1,TUFM,BOP1,NPR2,STK4,MRPL3,MRPL47,MED19,TRUB2,TAF11,WBP11,CWC15,MRRF,DERA,BARX2,PROX1,CREB5,TRP53INP1,TCEA3,EHF,NME4,EIF2AK4,CITED4,ASCL3,FOXI1,HPGDS,DMRT2,FOXI2,ODC1,PAICS,FBL,XRN2,ASCL1,RPS5,PTBP1,ID1,FOXG1,DMRTA2,MLH1,MRPL32,ZC3H14,ISL1,PAX6,DBP,TAF12,RPL4,RPS6,SP4,RPS19,TCF7,FDXACB1,TGDS,DIMT1,POP1,LARS,FOXP1,MCM3,RRM2,RPA2,TOP2A,MRPL18,ATP5B,CDC6,RPL13A,ATP5G1,PRPF40A,SNRPF,SRSF2,AK2,EEF1G,SNRNP25,HNRNPUL1,HNRNPL,KHSRP,RUNX2,TLE4,ETS1,DDI2,RORA,ABLIM3,TEAD3,POLD4,PITX1,RPS24,RPLP2,IMMP2L,PATZ1,ATP5H,RPS13"
"GO:BP","DNA replication","GO:0006260","1.7903516569983014e-22","21.747061657459117","62","702","34","11240","GMNN,GINS1,DNA2,POLE2,POLD2,GINS4,RFC2,POLA2,MMS22L,MCM5,MCM4,MCM6,POLA1,PRIM1,GINS2,RRM1,MCM2,TIPIN,BLM,RFC1,POLD3,PRIM2,MCM7,MCM10,RFC4,PCNA,RAD51,SSBP1,RTEL1,MCM3,RPA2,CDC6,ORC6,POLD4"
"GO:BP","cell cycle","GO:0007049","3.967809930752359e-21","20.401449139945907","202","702","58","11240","NCAPG,ZWILCH,CDC25B,RAD21,BUB1,CEP152,BUB1B,TPX2,GMNN,HAUS4,CDC26,ASPM,PLK4,NCAPH,CCNE2,KIF20B,RBL1,CDC25A,DSCC1,TIPIN,CCNE1,MIS12,PSMC3IP,CDC25C,HAUS6,GADD45A,WEE2,CHEK1,HAUS1,NSL1,RAD51,SMC1A,PDS5A,CNTROB,E2F5,INCENP,E2F4,TFDP2,CEP192,NDC80,ECT2,CENPW,AURKA,FOXM1,SPAG5,CDKN2A,MAD1L1,MDM1,KIF20A,EIF2AK4,CDKN1C,GADD45G,AURKB,ARHGEF10,PRC1,CCNF,CEP55,NCAPD2"
"GO:BP","macromolecule metabolic process","GO:0043170","6.944729675203254e-20","19.158344654584745","3995","702","372","11240","NARS,HTATSF1,LARP7,E2F1,FZR1,EIF1B,NRK,MYBL1,CDC25B,ZBED3,MAST1,MRPS7,BUB1,DLX3,RPL18A,PLK1,BUB1B,VRK1,TRP53,TPX2,POLR2A,CDCA2,ESPL1,FUS,INTS7,GMNN,SFMBT1,PASK,TRMT2A,CDCA7,CDCA7L,NEUROG1,MRE11A,GINS1,LSM6,RYBP,ISY1,RCL1,DNA2,METTL1,RNF168,TPST1,UCHL5,GTF2E2,POLE2,MSH6,DNMT1,RAE1,EED,ART1,PIF1,CDC20,MYBBP1A,PRMT3,POLD2,PBK,GINS4,APEX1,RFC2,MED18,CAMK4,CASP2,RAD23A,SF3B5,TRMT61A,CASP7,HMBS,FANCA,ORMDL1,TSEN15,PREP,NSMCE4A,PRSS33,MAP2K2,CDC26,WDR4,B3GALNT1,BRSK2,PPID,ECE2,PRCP,FOXP4,HMGA2,EIF4E2,MED9,USP14,PRSS27,PLK4,FANCB,SIN3A,POLA2,MAST2,PBX1,HNRNPA2B1,PPHLN1,BLMH,MMS22L,UCHL3,KIF22,MCM5,BCLAF1,MCM4,MCM6,E2F8,RFWD3,LIG1,POLA1,USP1,RAD51AP1,UNG,PRIM1,ATAD2,GINS2,BRCA1,LSM2,TINF2,E2F7,RRM1,MCM2,RBL1,MSH2,TERF1,CDC25A,PKNOX1,E2F2,MYB,TCF19,TIPIN,BLM,NEUROD1,SRSF10,NEUROD2,CBFA2T2,CSNK2A1,SENP1,RFC1,PSMC3IP,HAT1,MSX1,PHF20,FKBP5,SIAH1B,CDC25C,MRPL13,SNRPG,ITGB3BP,POLD3,LIN9,PRIM2,PRMT8,CDK2,DARS,WEE2,MCM7,U2AF1,CHEK1,MRPL12,GAR1,GTF2F2,RBM17,SRRT,ID3,EXOSC1,MCM10,POP4,PSMC6,AARS,BRCA2,GEMIN6,RAD18,PPP5C,RFC4,PCNA,RAD51,SMC1A,TEAD2,EXO1,RAD51C,BRCC3,MRPL37,NEUROD4,ENY2,SSBP1,GTF2H4,PARP2,RPP14,FARSA,MYCN,E2F5,DGCR8,E2F4,CDC7,KIT,EIF1AX,MRPL16,RTEL1,SRRM1,TFDP2,RBFOX2,ID2,SF1,PPWD1,NFYB,LSM4,AURKA,NEK2,LSM3,FOXM1,TRIT1,HES5,L3MBTL2,PRKCSH,PRPF31,SUV39H2,MAML3,CCNT1,BPTF,POU2F1,USP29,FANCI,THOC7,DCLK2,MRPL11,EIF3B,TBRG4,EIF5,MRPS17,CCAR1,MRPS23,MSL3,SMARCA4,GON4L,UPF3B,EIF3C,STK33,RBM8A,SRSF11,TSN,RARA,POLR3K,TOP1,DPP3,MRPS12,RPS11,MAPK13,NCBP1,SUV39H1,PRPF3,ACD,DMRT1,PIM2,SART1,GATA2,CCNK,CDKAL1,MRPL14,TBL3,PDIK1L,EMX1,TUFM,ST8SIA4,BOP1,NPR2,STK4,MRPL3,MRPL47,MED19,TRUB2,TAF11,WBP11,CWC15,PRMT7,CHEK2,MRRF,ASPHD2,MTBP,BARX2,PROX1,USP3,CREB5,TRP53INP1,TCEA3,EHF,BMX,EIF2AK4,B3GNT5,CITED4,USP13,ART5,INSRR,ASCL3,CUL3,FOXI1,DMRT2,FOXI2,MMP9,PRMT1,FBL,CDK4,ASCL1,RPS5,TMPRSS4,PTBP1,ID1,FOXG1,DMRTA2,MLH1,AURKB,MRPL32,ZC3H14,ISL1,PAX6,DBP,TAF12,CDK1,RPL4,MAGED1,RPS6,SP4,CUL2,APOC1,RPS19,TCF7,IKBKE,USP54,FDXACB1,SENP2,DIMT1,POP1,LARS,FOXP1,MCM3,RPA2,TOP2A,MRPL18,CDC6,RPL13A,PRPF40A,SNRPF,SRSF2,PPIL1,ORC6,GRK6,EEF1G,SNRNP25,PRMT5,HNRNPUL1,HNRNPL,KHSRP,CTSD,RUNX2,TLE4,USP25,ETS1,EPHA1,DDI2,RORA,ABLIM3,TEAD3,ABL1,POLD4,MAP3K4,PITX1,RPS24,EPHB1,RPLP2,IMMP2L,PATZ1,HSCB,PADI1,HIPK3,RPS13"
"GO:BP","organic substance metabolic process","GO:0071704","7.995624756763464e-20","19.097147595981014","4893","702","430","11240","NARS,ADSL,HTATSF1,LARP7,E2F1,FZR1,EIF1B,NRK,MYBL1,CDC25B,ZBED3,MAST1,MRPS7,BUB1,DLX3,CS,RPL18A,PLK1,BUB1B,VRK1,TRP53,TPX2,POLR2A,CDCA2,ESPL1,FUS,INTS7,GMNN,UMPS,SFMBT1,PASK,TRMT2A,CDCA7,CDCA7L,NEUROG1,MRE11A,GINS1,MPI,LSM6,RYBP,ISY1,RCL1,DNA2,METTL1,RNF168,TPST1,NME1,UCHL5,DCTD,GTF2E2,ATP5C1,THTPA,POLE2,SHMT2,MSH6,DNMT1,RAE1,EED,ART1,PIF1,CDC20,MYBBP1A,PRMT3,DTYMK,POLD2,GMPS,PBK,GINS4,DHFR,APEX1,RFC2,MED18,MAN1C1,CAMK4,CASP2,FASN,RAD23A,SF3B5,TRMT61A,CASP7,HMBS,NANS,FANCA,ORMDL1,ADK,PLCXD3,TSEN15,PREP,NSMCE4A,PRSS33,MAP2K2,CDC26,WDR4,B3GALNT1,BRSK2,PPID,ECE2,PRCP,FOXP4,HMGA2,EIF4E2,ENO4,MED9,USP14,PRSS27,PLK4,CAD,FANCB,SIN3A,POLA2,PANK2,MAST2,PBX1,HNRNPA2B1,PPHLN1,BLMH,MMS22L,UCHL3,PGM2L1,KIF22,MCM5,IMPDH2,BCLAF1,MCM4,MCM6,E2F8,RFWD3,LIG1,POLA1,USP1,RAD51AP1,UNG,PRIM1,ATAD2,GINS2,BRCA1,LSM2,TINF2,BRIP1,E2F7,RRM1,MCM2,RBL1,MSH2,TERF1,CDC25A,PKNOX1,E2F2,MYB,DCTPP1,GART,TCF19,TIPIN,BLM,NEUROD1,SRSF10,PPAT,NEUROD2,CBFA2T2,CSNK2A1,SENP1,RFC1,PSMC3IP,HAT1,MSX1,PHF20,ELOVL2,FKBP5,SIAH1B,CDC25C,SRM,MRPL13,SNRPG,ITGB3BP,ADA,POLD3,LIN9,PRIM2,PRMT8,CDK2,DARS,WEE2,MCM7,U2AF1,CHEK1,MRPL12,GAR1,GTF2F2,RBM17,SRRT,ID3,EXOSC1,MCM10,POP4,PSMC6,AARS,BRCA2,GEMIN6,RAD18,PPP5C,RFC4,PCNA,RAD51,CTPS,SMC1A,TEAD2,EXO1,DCK,RAD51C,BRCC3,MRPL37,NEUROD4,ENY2,SSBP1,GTF2H4,ALDH1A3,PARP2,RPP14,IMPA2,FARSA,MYCN,E2F5,PLCH1,DGCR8,E2F4,CDC7,KIT,EIF1AX,MRPL16,RTEL1,SRRM1,TFDP2,RBFOX2,ID2,SF1,PPWD1,NFYB,LSM4,AURKA,NEK2,LSM3,FOXM1,TRIT1,HES5,L3MBTL2,OXCT1,PRKCSH,PRPF31,SUV39H2,MAML3,CCNT1,BPTF,POU2F1,USP29,FANCI,THOC7,DCLK2,MRPL11,EIF3B,TBRG4,EIF5,MRPS17,CCAR1,MRPS23,MSL3,SMARCA4,GON4L,UPF3B,EIF3C,STK33,RBM8A,SRSF11,TSN,RARA,POLR3K,TOP1,DPP3,MRPS12,RPS11,MAPK13,NCBP1,ACY1,SUV39H1,PRPF3,ACD,DMRT1,PIM2,SART1,GATA2,CCNK,CDKAL1,MRPL14,TBL3,PDIK1L,EMX1,TUFM,ST8SIA4,BOP1,NPR2,STK4,MRPL3,MRPL47,MED19,TRUB2,TAF11,WBP11,CWC15,PRMT7,CHEK2,MRRF,ASPHD2,DERA,MTBP,BARX2,PROX1,USP3,CREB5,TRP53INP1,TCEA3,EHF,BMX,PNPLA2,NME4,EIF2AK4,PIK3CG,B3GNT5,CITED4,USP13,ART5,INSRR,ASCL3,CUL3,FOXI1,HPGDS,DMRT2,TM7SF2,FOXI2,INPPL1,PLCL2,MMP9,ODC1,PAICS,PRMT1,FBL,CDK4,XRN2,ASCL1,RPS5,TMPRSS4,PTBP1,ID1,FOXG1,DMRTA2,MLH1,AURKB,MRPL32,ZC3H14,PLA2G12A,ISL1,PAX6,DBP,TAF12,CDK1,RPL4,MAGED1,RPS6,SP4,CUL2,APOC1,RPS19,GPD1,TCF7,LTC4S,IKBKE,USP54,FDXACB1,SENP2,TGDS,PYCR2,DIMT1,POP1,LARS,FOXP1,MCM3,RRM2,RPA2,TOP2A,MRPL18,ATP5B,CDC6,RPL13A,ATP5G1,PRPF40A,SNRPF,SRSF2,PPIL1,AK2,ORC6,GRK6,EEF1G,SNRNP25,PRMT5,HNRNPUL1,HNRNPL,KHSRP,CTSD,RUNX2,TLE4,USP25,ETS1,EPHA1,DDI2,RORA,ABLIM3,TEAD3,ABL1,POLD4,MAP3K4,PITX1,RPS24,EPHB1,RPLP2,IMMP2L,PATZ1,HSCB,ATP5H,PADI1,HIPK3,RPS13,PI4KB"
"GO:BP","nitrogen compound metabolic process","GO:0006807","2.7088242902381336e-19","18.567219164865275","4325","702","392","11240","NARS,ADSL,HTATSF1,LARP7,E2F1,FZR1,EIF1B,NRK,MYBL1,CDC25B,ZBED3,MAST1,MRPS7,BUB1,DLX3,RPL18A,PLK1,BUB1B,VRK1,TRP53,TPX2,POLR2A,CDCA2,ESPL1,FUS,INTS7,UMPS,SFMBT1,PASK,TRMT2A,CDCA7,CDCA7L,NEUROG1,MRE11A,MPI,LSM6,RYBP,ISY1,RCL1,DNA2,METTL1,RNF168,TPST1,NME1,UCHL5,DCTD,GTF2E2,ATP5C1,THTPA,SHMT2,MSH6,DNMT1,EED,ART1,PIF1,CDC20,MYBBP1A,PRMT3,DTYMK,GMPS,PBK,DHFR,APEX1,MED18,CAMK4,CASP2,RAD23A,SF3B5,TRMT61A,CASP7,HMBS,FANCA,ORMDL1,ADK,TSEN15,PREP,NSMCE4A,PRSS33,MAP2K2,CDC26,WDR4,B3GALNT1,BRSK2,PPID,ECE2,PRCP,FOXP4,HMGA2,EIF4E2,ENO4,MED9,USP14,PRSS27,PLK4,CAD,FANCB,SIN3A,PANK2,MAST2,PBX1,HNRNPA2B1,PPHLN1,BLMH,MMS22L,UCHL3,KIF22,MCM5,IMPDH2,BCLAF1,MCM4,MCM6,E2F8,RFWD3,LIG1,USP1,RAD51AP1,UNG,PRIM1,ATAD2,BRCA1,LSM2,TINF2,BRIP1,E2F7,MCM2,RBL1,MSH2,TERF1,CDC25A,PKNOX1,E2F2,MYB,DCTPP1,GART,TIPIN,BLM,NEUROD1,SRSF10,PPAT,NEUROD2,CBFA2T2,CSNK2A1,SENP1,RFC1,PSMC3IP,HAT1,MSX1,PHF20,FKBP5,SIAH1B,CDC25C,SRM,MRPL13,SNRPG,ITGB3BP,ADA,LIN9,PRIM2,PRMT8,CDK2,DARS,WEE2,MCM7,U2AF1,CHEK1,MRPL12,GAR1,GTF2F2,RBM17,SRRT,ID3,EXOSC1,MCM10,POP4,PSMC6,AARS,BRCA2,GEMIN6,RAD18,PPP5C,RAD51,CTPS,SMC1A,TEAD2,EXO1,DCK,RAD51C,BRCC3,MRPL37,NEUROD4,ENY2,GTF2H4,PARP2,RPP14,FARSA,MYCN,E2F5,DGCR8,E2F4,CDC7,KIT,EIF1AX,MRPL16,RTEL1,SRRM1,TFDP2,RBFOX2,ID2,SF1,PPWD1,NFYB,LSM4,AURKA,NEK2,LSM3,FOXM1,TRIT1,HES5,L3MBTL2,PRKCSH,PRPF31,SUV39H2,MAML3,CCNT1,BPTF,POU2F1,USP29,FANCI,THOC7,DCLK2,MRPL11,EIF3B,TBRG4,EIF5,MRPS17,CCAR1,MRPS23,MSL3,SMARCA4,GON4L,UPF3B,EIF3C,STK33,RBM8A,SRSF11,TSN,RARA,POLR3K,TOP1,DPP3,MRPS12,RPS11,MAPK13,NCBP1,ACY1,SUV39H1,PRPF3,ACD,DMRT1,PIM2,SART1,GATA2,CCNK,CDKAL1,MRPL14,TBL3,PDIK1L,EMX1,TUFM,ST8SIA4,BOP1,NPR2,STK4,MRPL3,MRPL47,MED19,TRUB2,TAF11,WBP11,CWC15,PRMT7,CHEK2,MRRF,ASPHD2,DERA,MTBP,BARX2,PROX1,USP3,CREB5,TRP53INP1,TCEA3,EHF,BMX,NME4,EIF2AK4,B3GNT5,CITED4,USP13,ART5,INSRR,ASCL3,CUL3,FOXI1,HPGDS,DMRT2,FOXI2,MMP9,ODC1,PAICS,PRMT1,FBL,CDK4,XRN2,ASCL1,RPS5,TMPRSS4,PTBP1,ID1,FOXG1,DMRTA2,MLH1,AURKB,MRPL32,ZC3H14,ISL1,PAX6,DBP,TAF12,CDK1,RPL4,RPS6,SP4,CUL2,APOC1,RPS19,TCF7,IKBKE,USP54,FDXACB1,SENP2,TGDS,PYCR2,DIMT1,POP1,LARS,FOXP1,MCM3,RRM2,RPA2,TOP2A,MRPL18,ATP5B,CDC6,RPL13A,ATP5G1,PRPF40A,SNRPF,SRSF2,PPIL1,AK2,GRK6,EEF1G,SNRNP25,PRMT5,HNRNPUL1,HNRNPL,KHSRP,CTSD,RUNX2,TLE4,USP25,ETS1,EPHA1,DDI2,RORA,ABLIM3,TEAD3,ABL1,POLD4,MAP3K4,PITX1,RPS24,EPHB1,RPLP2,IMMP2L,PATZ1,HSCB,ATP5H,PADI1,HIPK3,RPS13"
"GO:BP","heterocycle metabolic process","GO:0046483","9.085041243272304e-19","18.041673096789086","2309","702","249","11240","NARS,ADSL,HTATSF1,LARP7,E2F1,MYBL1,DLX3,TRP53,POLR2A,FUS,INTS7,UMPS,SFMBT1,TRMT2A,CDCA7,CDCA7L,NEUROG1,MRE11A,MPI,LSM6,RYBP,ISY1,RCL1,DNA2,METTL1,RNF168,NME1,DCTD,GTF2E2,ATP5C1,THTPA,SHMT2,MSH6,DNMT1,PIF1,MYBBP1A,DTYMK,GMPS,DHFR,APEX1,MED18,RAD23A,SF3B5,TRMT61A,HMBS,FANCA,ADK,TSEN15,NSMCE4A,WDR4,FOXP4,HMGA2,ENO4,MED9,CAD,FANCB,SIN3A,PANK2,PBX1,HNRNPA2B1,PPHLN1,MMS22L,KIF22,MCM5,IMPDH2,BCLAF1,MCM4,MCM6,E2F8,RFWD3,LIG1,USP1,RAD51AP1,UNG,PRIM1,ATAD2,BRCA1,LSM2,TINF2,BRIP1,E2F7,MCM2,RBL1,MSH2,TERF1,PKNOX1,E2F2,MYB,DCTPP1,GART,TIPIN,BLM,NEUROD1,SRSF10,PPAT,NEUROD2,CBFA2T2,RFC1,PSMC3IP,HAT1,MSX1,PHF20,SNRPG,ITGB3BP,ADA,LIN9,PRIM2,DARS,MCM7,U2AF1,GAR1,GTF2F2,RBM17,SRRT,ID3,EXOSC1,MCM10,POP4,AARS,BRCA2,GEMIN6,RAD18,RAD51,CTPS,SMC1A,TEAD2,EXO1,DCK,RAD51C,BRCC3,NEUROD4,ENY2,GTF2H4,RPP14,FARSA,MYCN,E2F5,DGCR8,E2F4,RTEL1,SRRM1,TFDP2,RBFOX2,ID2,SF1,NFYB,LSM4,LSM3,FOXM1,TRIT1,HES5,L3MBTL2,PRPF31,MAML3,CCNT1,BPTF,POU2F1,FANCI,THOC7,TBRG4,CCAR1,MSL3,SMARCA4,GON4L,UPF3B,RBM8A,SRSF11,TSN,RARA,POLR3K,TOP1,NCBP1,PRPF3,ACD,DMRT1,SART1,GATA2,CCNK,CDKAL1,TBL3,EMX1,BOP1,NPR2,MED19,TRUB2,TAF11,WBP11,CWC15,DERA,BARX2,PROX1,CREB5,TRP53INP1,TCEA3,EHF,NME4,CITED4,ASCL3,FOXI1,DMRT2,FOXI2,PAICS,FBL,XRN2,ASCL1,PTBP1,ID1,FOXG1,DMRTA2,MLH1,ZC3H14,ISL1,PAX6,DBP,TAF12,SP4,TCF7,FDXACB1,TGDS,DIMT1,POP1,LARS,FOXP1,MCM3,RRM2,RPA2,TOP2A,ATP5B,CDC6,ATP5G1,PRPF40A,SNRPF,SRSF2,AK2,SNRNP25,HNRNPUL1,HNRNPL,KHSRP,RUNX2,TLE4,ETS1,DDI2,RORA,ABLIM3,TEAD3,POLD4,PITX1,PATZ1,ATP5H"
"GO:BP","cellular aromatic compound metabolic process","GO:0006725","1.2408643055662773e-18","17.906275708078937","2314","702","249","11240","NARS,ADSL,HTATSF1,LARP7,E2F1,MYBL1,DLX3,TRP53,POLR2A,FUS,INTS7,UMPS,SFMBT1,TRMT2A,CDCA7,CDCA7L,NEUROG1,MRE11A,MPI,LSM6,RYBP,ISY1,RCL1,DNA2,METTL1,RNF168,NME1,DCTD,GTF2E2,ATP5C1,THTPA,SHMT2,MSH6,DNMT1,PIF1,MYBBP1A,DTYMK,GMPS,DHFR,APEX1,MED18,RAD23A,SF3B5,TRMT61A,HMBS,FANCA,ADK,TSEN15,NSMCE4A,WDR4,FOXP4,HMGA2,ENO4,MED9,CAD,FANCB,SIN3A,PANK2,PBX1,HNRNPA2B1,PPHLN1,MMS22L,KIF22,MCM5,IMPDH2,BCLAF1,MCM4,MCM6,E2F8,RFWD3,LIG1,USP1,RAD51AP1,UNG,PRIM1,ATAD2,BRCA1,LSM2,TINF2,BRIP1,E2F7,MCM2,RBL1,MSH2,TERF1,PKNOX1,E2F2,MYB,DCTPP1,GART,TIPIN,BLM,NEUROD1,SRSF10,PPAT,NEUROD2,CBFA2T2,RFC1,PSMC3IP,HAT1,MSX1,PHF20,SNRPG,ITGB3BP,ADA,LIN9,PRIM2,DARS,MCM7,U2AF1,GAR1,GTF2F2,RBM17,SRRT,ID3,EXOSC1,MCM10,POP4,AARS,BRCA2,GEMIN6,RAD18,RAD51,CTPS,SMC1A,TEAD2,EXO1,DCK,RAD51C,BRCC3,NEUROD4,ENY2,GTF2H4,RPP14,FARSA,MYCN,E2F5,DGCR8,E2F4,RTEL1,SRRM1,TFDP2,RBFOX2,ID2,SF1,NFYB,LSM4,LSM3,FOXM1,TRIT1,HES5,L3MBTL2,PRPF31,MAML3,CCNT1,BPTF,POU2F1,FANCI,THOC7,TBRG4,CCAR1,MSL3,SMARCA4,GON4L,UPF3B,RBM8A,SRSF11,TSN,RARA,POLR3K,TOP1,NCBP1,PRPF3,ACD,DMRT1,SART1,GATA2,CCNK,CDKAL1,TBL3,EMX1,BOP1,NPR2,MED19,TRUB2,TAF11,WBP11,CWC15,DERA,BARX2,PROX1,CREB5,TRP53INP1,TCEA3,EHF,NME4,CITED4,ASCL3,FOXI1,DMRT2,FOXI2,PAICS,FBL,XRN2,ASCL1,PTBP1,ID1,FOXG1,DMRTA2,MLH1,ZC3H14,ISL1,PAX6,DBP,TAF12,SP4,TCF7,FDXACB1,TGDS,DIMT1,POP1,LARS,FOXP1,MCM3,RRM2,RPA2,TOP2A,ATP5B,CDC6,ATP5G1,PRPF40A,SNRPF,SRSF2,AK2,SNRNP25,HNRNPUL1,HNRNPL,KHSRP,RUNX2,TLE4,ETS1,DDI2,RORA,ABLIM3,TEAD3,POLD4,PITX1,PATZ1,ATP5H"
"GO:BP","nucleobase-containing compound metabolic process","GO:0006139","1.2843162456104986e-18","17.89132802392086","2262","702","245","11240","NARS,ADSL,HTATSF1,LARP7,E2F1,MYBL1,DLX3,TRP53,POLR2A,FUS,INTS7,UMPS,SFMBT1,TRMT2A,CDCA7,CDCA7L,NEUROG1,MRE11A,MPI,LSM6,RYBP,ISY1,RCL1,DNA2,METTL1,RNF168,NME1,DCTD,GTF2E2,ATP5C1,MSH6,DNMT1,PIF1,MYBBP1A,DTYMK,GMPS,APEX1,MED18,RAD23A,SF3B5,TRMT61A,FANCA,ADK,TSEN15,NSMCE4A,WDR4,FOXP4,HMGA2,ENO4,MED9,CAD,FANCB,SIN3A,PANK2,PBX1,HNRNPA2B1,PPHLN1,MMS22L,KIF22,MCM5,IMPDH2,BCLAF1,MCM4,MCM6,E2F8,RFWD3,LIG1,USP1,RAD51AP1,UNG,PRIM1,ATAD2,BRCA1,LSM2,TINF2,BRIP1,E2F7,MCM2,RBL1,MSH2,TERF1,PKNOX1,E2F2,MYB,DCTPP1,GART,TIPIN,BLM,NEUROD1,SRSF10,PPAT,NEUROD2,CBFA2T2,RFC1,PSMC3IP,HAT1,MSX1,PHF20,SNRPG,ITGB3BP,ADA,LIN9,PRIM2,DARS,MCM7,U2AF1,GAR1,GTF2F2,RBM17,SRRT,ID3,EXOSC1,MCM10,POP4,AARS,BRCA2,GEMIN6,RAD18,RAD51,CTPS,SMC1A,TEAD2,EXO1,DCK,RAD51C,BRCC3,NEUROD4,ENY2,GTF2H4,RPP14,FARSA,MYCN,E2F5,DGCR8,E2F4,RTEL1,SRRM1,TFDP2,RBFOX2,ID2,SF1,NFYB,LSM4,LSM3,FOXM1,TRIT1,HES5,L3MBTL2,PRPF31,MAML3,CCNT1,BPTF,POU2F1,FANCI,THOC7,TBRG4,CCAR1,MSL3,SMARCA4,GON4L,UPF3B,RBM8A,SRSF11,TSN,RARA,POLR3K,TOP1,NCBP1,PRPF3,ACD,DMRT1,SART1,GATA2,CCNK,CDKAL1,TBL3,EMX1,BOP1,NPR2,MED19,TRUB2,TAF11,WBP11,CWC15,DERA,BARX2,PROX1,CREB5,TRP53INP1,TCEA3,EHF,NME4,CITED4,ASCL3,FOXI1,DMRT2,FOXI2,PAICS,FBL,XRN2,ASCL1,PTBP1,ID1,FOXG1,DMRTA2,MLH1,ZC3H14,ISL1,PAX6,DBP,TAF12,SP4,TCF7,FDXACB1,TGDS,DIMT1,POP1,LARS,FOXP1,MCM3,RRM2,RPA2,TOP2A,ATP5B,CDC6,ATP5G1,PRPF40A,SNRPF,SRSF2,AK2,SNRNP25,HNRNPUL1,HNRNPL,KHSRP,RUNX2,TLE4,ETS1,DDI2,RORA,ABLIM3,TEAD3,POLD4,PITX1,PATZ1,ATP5H"
"GO:BP","organic cyclic compound metabolic process","GO:1901360","7.696414286023196e-18","17.113711562943834","2357","702","250","11240","NARS,ADSL,HTATSF1,LARP7,E2F1,MYBL1,DLX3,TRP53,POLR2A,FUS,INTS7,UMPS,SFMBT1,TRMT2A,CDCA7,CDCA7L,NEUROG1,MRE11A,MPI,LSM6,RYBP,ISY1,RCL1,DNA2,METTL1,RNF168,NME1,DCTD,GTF2E2,ATP5C1,THTPA,SHMT2,MSH6,DNMT1,PIF1,MYBBP1A,DTYMK,GMPS,DHFR,APEX1,MED18,RAD23A,SF3B5,TRMT61A,HMBS,FANCA,ADK,TSEN15,NSMCE4A,WDR4,FOXP4,HMGA2,ENO4,MED9,CAD,FANCB,SIN3A,PANK2,PBX1,HNRNPA2B1,PPHLN1,MMS22L,KIF22,MCM5,IMPDH2,BCLAF1,MCM4,MCM6,E2F8,RFWD3,LIG1,USP1,RAD51AP1,UNG,PRIM1,ATAD2,BRCA1,LSM2,TINF2,BRIP1,E2F7,MCM2,RBL1,MSH2,TERF1,PKNOX1,E2F2,MYB,DCTPP1,GART,TIPIN,BLM,NEUROD1,SRSF10,PPAT,NEUROD2,CBFA2T2,RFC1,PSMC3IP,HAT1,MSX1,PHF20,SNRPG,ITGB3BP,ADA,LIN9,PRIM2,DARS,MCM7,U2AF1,GAR1,GTF2F2,RBM17,SRRT,ID3,EXOSC1,MCM10,POP4,AARS,BRCA2,GEMIN6,RAD18,RAD51,CTPS,SMC1A,TEAD2,EXO1,DCK,RAD51C,BRCC3,NEUROD4,ENY2,GTF2H4,RPP14,FARSA,MYCN,E2F5,DGCR8,E2F4,RTEL1,SRRM1,TFDP2,RBFOX2,ID2,SF1,NFYB,LSM4,LSM3,FOXM1,TRIT1,HES5,L3MBTL2,PRPF31,MAML3,CCNT1,BPTF,POU2F1,FANCI,THOC7,TBRG4,CCAR1,MSL3,SMARCA4,GON4L,UPF3B,RBM8A,SRSF11,TSN,RARA,POLR3K,TOP1,NCBP1,PRPF3,ACD,DMRT1,SART1,GATA2,CCNK,CDKAL1,TBL3,EMX1,BOP1,NPR2,MED19,TRUB2,TAF11,WBP11,CWC15,DERA,BARX2,PROX1,CREB5,TRP53INP1,TCEA3,EHF,NME4,CITED4,ASCL3,FOXI1,DMRT2,TM7SF2,FOXI2,PAICS,FBL,XRN2,ASCL1,PTBP1,ID1,FOXG1,DMRTA2,MLH1,ZC3H14,ISL1,PAX6,DBP,TAF12,SP4,TCF7,FDXACB1,TGDS,DIMT1,POP1,LARS,FOXP1,MCM3,RRM2,RPA2,TOP2A,ATP5B,CDC6,ATP5G1,PRPF40A,SNRPF,SRSF2,AK2,SNRNP25,HNRNPUL1,HNRNPL,KHSRP,RUNX2,TLE4,ETS1,DDI2,RORA,ABLIM3,TEAD3,POLD4,PITX1,PATZ1,ATP5H"
"GO:BP","metabolic process","GO:0008152","2.3296112531944702e-17","16.632716544501132","5078","702","434","11240","NARS,ADSL,HTATSF1,LARP7,E2F1,FZR1,EIF1B,NRK,MYBL1,CDC25B,ZBED3,MAST1,MRPS7,BUB1,DLX3,CS,RPL18A,PLK1,BUB1B,VRK1,TRP53,TPX2,POLR2A,CDCA2,ESPL1,FUS,INTS7,GMNN,UMPS,SFMBT1,PASK,TRMT2A,CDCA7,CDCA7L,NEUROG1,MRE11A,GINS1,MPI,LSM6,RYBP,ISY1,RCL1,DNA2,METTL1,RNF168,TPST1,NME1,UCHL5,DCTD,GTF2E2,ATP5C1,THTPA,POLE2,SHMT2,MSH6,DNMT1,RAE1,EED,ART1,PIF1,CDC20,MYBBP1A,PRMT3,DTYMK,POLD2,GMPS,PBK,GINS4,DHFR,APEX1,RFC2,MED18,MAN1C1,CAMK4,CASP2,FASN,RAD23A,SF3B5,TRMT61A,CASP7,HMBS,NANS,FANCA,ORMDL1,ADK,PLCXD3,TSEN15,PREP,NSMCE4A,PRSS33,MAP2K2,CDC26,WDR4,B3GALNT1,BRSK2,PPID,ECE2,PRCP,FOXP4,HMGA2,EIF4E2,ENO4,MED9,USP14,PRSS27,PLK4,CAD,FANCB,SIN3A,POLA2,PANK2,MAST2,PBX1,HNRNPA2B1,PPHLN1,BLMH,MMS22L,UCHL3,PGM2L1,KIF22,MCM5,IMPDH2,BCLAF1,MCM4,MCM6,E2F8,RFWD3,LIG1,POLA1,USP1,RAD51AP1,UNG,PRIM1,ATAD2,GINS2,BRCA1,LSM2,TINF2,BRIP1,E2F7,RRM1,MCM2,RBL1,MSH2,TERF1,CDC25A,PKNOX1,E2F2,MYB,DCTPP1,GART,TCF19,TIPIN,BLM,NEUROD1,SRSF10,PPAT,NEUROD2,CBFA2T2,CSNK2A1,SENP1,RFC1,PSMC3IP,HAT1,MSX1,PHF20,ELOVL2,FKBP5,SIAH1B,CDC25C,SRM,MRPL13,SNRPG,ITGB3BP,ADA,POLD3,LIN9,PRIM2,PRMT8,CDK2,DARS,WEE2,MCM7,U2AF1,CHEK1,MRPL12,GAR1,GTF2F2,RBM17,SRRT,ID3,EXOSC1,MCM10,POP4,PSMC6,AARS,BRCA2,GEMIN6,RAD18,PPP5C,RFC4,PCNA,RAD51,CTPS,SMC1A,TEAD2,EXO1,DCK,RAD51C,BRCC3,MRPL37,NEUROD4,ENY2,SSBP1,GTF2H4,ALDH1A3,PARP2,RPP14,IMPA2,FARSA,MYCN,E2F5,PLCH1,DGCR8,E2F4,CDC7,KIT,EIF1AX,MRPL16,RTEL1,SRRM1,TFDP2,RBFOX2,ID2,SF1,PPWD1,NFYB,LSM4,AURKA,NEK2,LSM3,FOXM1,TRIT1,HES5,L3MBTL2,OXCT1,PRKCSH,PRPF31,SUV39H2,MAML3,CCNT1,BPTF,POU2F1,USP29,FANCI,THOC7,DCLK2,MRPL11,EIF3B,TBRG4,EIF5,MRPS17,CCAR1,MRPS23,MSL3,SMARCA4,GON4L,UPF3B,EIF3C,STK33,RBM8A,SRSF11,TSN,RARA,POLR3K,TOP1,DPP3,MRPS12,RPS11,MAPK13,NCBP1,ACY1,SUV39H1,PRPF3,ACD,DMRT1,PIM2,SART1,GATA2,CCNK,CDKAL1,MRPL14,TBL3,PDIK1L,EMX1,TUFM,ST8SIA4,BOP1,NPR2,STK4,MRPL3,MRPL47,MED19,TRUB2,TAF11,WBP11,CWC15,PRMT7,CHEK2,MRRF,ASPHD2,DERA,MTBP,BARX2,PROX1,USP3,CREB5,TRP53INP1,TCEA3,EHF,BMX,PNPLA2,NME4,EIF2AK4,PIK3CG,B3GNT5,CITED4,USP13,ART5,INSRR,ASCL3,CUL3,FOXI1,HPGDS,DMRT2,TM7SF2,FOXI2,INPPL1,PLCL2,MMP9,ODC1,PAICS,PRMT1,FBL,CDK4,XRN2,ASCL1,RPS5,TMPRSS4,PTBP1,ID1,FOXG1,DMRTA2,MLH1,AURKB,MRPL32,ZC3H14,WDR91,PLA2G12A,ISL1,PAX6,DBP,PPA1,TAF12,CDK1,RPL4,MAGED1,RPS6,SP4,CUL2,APOC1,RPS19,GPD1,TCF7,LTC4S,IKBKE,USP54,FDXACB1,SENP2,TGDS,PYCR2,DIMT1,POP1,LARS,FOXP1,MCM3,RRM2,RPA2,TOP2A,MRPL18,ATP5B,CDC6,RPL13A,ATP5G1,CDKN3,PRPF40A,SNRPF,SRSF2,PPIL1,AK2,ORC6,GRK6,EEF1G,LCMT1,SNRNP25,PRMT5,HNRNPUL1,HNRNPL,KHSRP,CTSD,RUNX2,TLE4,USP25,ETS1,EPHA1,DDI2,RORA,ABLIM3,TEAD3,ABL1,POLD4,MAP3K4,PITX1,RPS24,EPHB1,RPLP2,IMMP2L,PATZ1,HSCB,ATP5H,PADI1,HIPK3,RPS13,PI4KB"
"GO:BP","cell cycle process","GO:0022402","3.399596243086378e-17","16.468572659373034","141","702","44","11240","NCAPG,ZWILCH,CDC25B,RAD21,BUB1,CEP152,BUB1B,TPX2,HAUS4,CDC26,ASPM,PLK4,NCAPH,CCNE2,KIF20B,CDC25A,DSCC1,CCNE1,PSMC3IP,CDC25C,HAUS6,HAUS1,NSL1,RAD51,SMC1A,PDS5A,CNTROB,INCENP,CEP192,NDC80,ECT2,AURKA,FOXM1,SPAG5,CDKN2A,MAD1L1,MDM1,KIF20A,CDKN1C,AURKB,ARHGEF10,PRC1,CEP55,NCAPD2"
"GO:BP","primary metabolic process","GO:0044238","4.667431637475748e-16","15.330922034318247","4654","702","403","11240","NARS,ADSL,HTATSF1,LARP7,E2F1,FZR1,EIF1B,NRK,MYBL1,CDC25B,ZBED3,MAST1,MRPS7,BUB1,DLX3,RPL18A,PLK1,BUB1B,VRK1,TRP53,TPX2,POLR2A,CDCA2,ESPL1,FUS,INTS7,UMPS,SFMBT1,PASK,TRMT2A,CDCA7,CDCA7L,NEUROG1,MRE11A,MPI,LSM6,RYBP,ISY1,RCL1,DNA2,METTL1,RNF168,TPST1,NME1,UCHL5,DCTD,GTF2E2,ATP5C1,SHMT2,MSH6,DNMT1,EED,ART1,PIF1,CDC20,MYBBP1A,PRMT3,DTYMK,GMPS,PBK,APEX1,MED18,MAN1C1,CAMK4,CASP2,FASN,RAD23A,SF3B5,TRMT61A,CASP7,HMBS,NANS,FANCA,ORMDL1,ADK,PLCXD3,TSEN15,PREP,NSMCE4A,PRSS33,MAP2K2,CDC26,WDR4,B3GALNT1,BRSK2,PPID,ECE2,PRCP,FOXP4,HMGA2,EIF4E2,ENO4,MED9,USP14,PRSS27,PLK4,CAD,FANCB,SIN3A,PANK2,MAST2,PBX1,HNRNPA2B1,PPHLN1,BLMH,MMS22L,UCHL3,PGM2L1,KIF22,MCM5,IMPDH2,BCLAF1,MCM4,MCM6,E2F8,RFWD3,LIG1,USP1,RAD51AP1,UNG,PRIM1,ATAD2,BRCA1,LSM2,TINF2,BRIP1,E2F7,MCM2,RBL1,MSH2,TERF1,CDC25A,PKNOX1,E2F2,MYB,DCTPP1,GART,TIPIN,BLM,NEUROD1,SRSF10,PPAT,NEUROD2,CBFA2T2,CSNK2A1,SENP1,RFC1,PSMC3IP,HAT1,MSX1,PHF20,ELOVL2,FKBP5,SIAH1B,CDC25C,MRPL13,SNRPG,ITGB3BP,ADA,LIN9,PRIM2,PRMT8,CDK2,DARS,WEE2,MCM7,U2AF1,CHEK1,MRPL12,GAR1,GTF2F2,RBM17,SRRT,ID3,EXOSC1,MCM10,POP4,PSMC6,AARS,BRCA2,GEMIN6,RAD18,PPP5C,RAD51,CTPS,SMC1A,TEAD2,EXO1,DCK,RAD51C,BRCC3,MRPL37,NEUROD4,ENY2,GTF2H4,PARP2,RPP14,IMPA2,FARSA,MYCN,E2F5,PLCH1,DGCR8,E2F4,CDC7,KIT,EIF1AX,MRPL16,RTEL1,SRRM1,TFDP2,RBFOX2,ID2,SF1,PPWD1,NFYB,LSM4,AURKA,NEK2,LSM3,FOXM1,TRIT1,HES5,L3MBTL2,PRKCSH,PRPF31,SUV39H2,MAML3,CCNT1,BPTF,POU2F1,USP29,FANCI,THOC7,DCLK2,MRPL11,EIF3B,TBRG4,EIF5,MRPS17,CCAR1,MRPS23,MSL3,SMARCA4,GON4L,UPF3B,EIF3C,STK33,RBM8A,SRSF11,TSN,RARA,POLR3K,TOP1,DPP3,MRPS12,RPS11,MAPK13,NCBP1,ACY1,SUV39H1,PRPF3,ACD,DMRT1,PIM2,SART1,GATA2,CCNK,CDKAL1,MRPL14,TBL3,PDIK1L,EMX1,TUFM,ST8SIA4,BOP1,NPR2,STK4,MRPL3,MRPL47,MED19,TRUB2,TAF11,WBP11,CWC15,PRMT7,CHEK2,MRRF,ASPHD2,DERA,MTBP,BARX2,PROX1,USP3,CREB5,TRP53INP1,TCEA3,EHF,BMX,PNPLA2,NME4,EIF2AK4,PIK3CG,B3GNT5,CITED4,USP13,ART5,INSRR,ASCL3,CUL3,FOXI1,DMRT2,TM7SF2,FOXI2,INPPL1,PLCL2,MMP9,PAICS,PRMT1,FBL,CDK4,XRN2,ASCL1,RPS5,TMPRSS4,PTBP1,ID1,FOXG1,DMRTA2,MLH1,AURKB,MRPL32,ZC3H14,PLA2G12A,ISL1,PAX6,DBP,TAF12,CDK1,RPL4,RPS6,SP4,CUL2,APOC1,RPS19,GPD1,TCF7,IKBKE,USP54,FDXACB1,SENP2,TGDS,PYCR2,DIMT1,POP1,LARS,FOXP1,MCM3,RRM2,RPA2,TOP2A,MRPL18,ATP5B,CDC6,RPL13A,ATP5G1,PRPF40A,SNRPF,SRSF2,PPIL1,AK2,GRK6,EEF1G,SNRNP25,PRMT5,HNRNPUL1,HNRNPL,KHSRP,CTSD,RUNX2,TLE4,USP25,ETS1,EPHA1,DDI2,RORA,ABLIM3,TEAD3,ABL1,POLD4,MAP3K4,PITX1,RPS24,EPHB1,RPLP2,IMMP2L,PATZ1,HSCB,ATP5H,PADI1,HIPK3,RPS13,PI4KB"
"GO:BP","chromosome organization","GO:0051276","1.404281372389668e-15","14.852545864974681","218","702","53","11240","NCAPG,CENPP,SMC4,RAD21,BUB1,CENPN,BUB1B,CENPI,EED,PIF1,CENPH,CDC26,INO80C,NCAPH,MCM5,MCM4,MCM6,ATAD2,TINF2,MCM2,TERF1,HMGN5,DSCC1,HAT1,NAP1L1,ITGB3BP,CENPT,MCM7,NSL1,SMC1A,MCM8,PDS5A,INCENP,CENPC1,RTEL1,NDC80,CENPW,SUV39H2,MSL3,SMARCA4,MAD1L1,TOP1,SUV39H1,ACD,CENPO,AURKB,SET,MCM3,CENPK,TOP2A,ASF1B,NCAPD2,NAP1L4"
"GO:BP","DNA metabolic process","GO:0006259","2.6107470407303037e-14","13.58323520559452","232","702","53","11240","MRE11A,DNA2,RNF168,MSH6,DNMT1,PIF1,APEX1,RAD23A,FANCA,NSMCE4A,FANCB,MMS22L,KIF22,MCM5,MCM4,MCM6,RFWD3,LIG1,USP1,RAD51AP1,UNG,PRIM1,BRCA1,TINF2,MCM2,MSH2,TERF1,TIPIN,BLM,RFC1,PSMC3IP,PRIM2,MCM7,MCM10,BRCA2,RAD18,RAD51,SMC1A,EXO1,RAD51C,BRCC3,GTF2H4,RTEL1,FANCI,TOP1,ACD,MLH1,TCF7,MCM3,RPA2,TOP2A,CDC6,POLD4"
"GO:BP","cellular macromolecule metabolic process","GO:0044260","3.1412591187412666e-14","13.502896237686828","3204","702","300","11240","NARS,E2F1,FZR1,EIF1B,NRK,MYBL1,CDC25B,ZBED3,MAST1,MRPS7,BUB1,DLX3,RPL18A,PLK1,BUB1B,VRK1,TRP53,TPX2,POLR2A,CDCA2,FUS,GMNN,SFMBT1,PASK,CDCA7,CDCA7L,NEUROG1,MRE11A,GINS1,RYBP,DNA2,RNF168,TPST1,UCHL5,GTF2E2,POLE2,MSH6,DNMT1,EED,ART1,PIF1,CDC20,MYBBP1A,PRMT3,POLD2,PBK,GINS4,APEX1,RFC2,MED18,CAMK4,RAD23A,TRMT61A,HMBS,FANCA,NSMCE4A,MAP2K2,CDC26,WDR4,B3GALNT1,BRSK2,PPID,FOXP4,HMGA2,EIF4E2,MED9,USP14,PLK4,FANCB,SIN3A,POLA2,MAST2,PBX1,PPHLN1,MMS22L,UCHL3,KIF22,MCM5,BCLAF1,MCM4,MCM6,E2F8,RFWD3,LIG1,POLA1,USP1,RAD51AP1,UNG,PRIM1,ATAD2,GINS2,BRCA1,TINF2,E2F7,RRM1,MCM2,RBL1,MSH2,TERF1,CDC25A,PKNOX1,E2F2,MYB,TIPIN,BLM,NEUROD1,NEUROD2,CBFA2T2,CSNK2A1,RFC1,PSMC3IP,HAT1,MSX1,PHF20,FKBP5,SIAH1B,CDC25C,MRPL13,ITGB3BP,POLD3,LIN9,PRIM2,PRMT8,CDK2,DARS,WEE2,MCM7,CHEK1,MRPL12,GTF2F2,ID3,MCM10,PSMC6,AARS,BRCA2,RAD18,PPP5C,RFC4,PCNA,RAD51,SMC1A,TEAD2,EXO1,RAD51C,BRCC3,MRPL37,NEUROD4,ENY2,SSBP1,GTF2H4,PARP2,FARSA,MYCN,E2F5,E2F4,CDC7,KIT,EIF1AX,MRPL16,RTEL1,TFDP2,ID2,PPWD1,NFYB,LSM4,AURKA,NEK2,LSM3,FOXM1,HES5,L3MBTL2,PRKCSH,SUV39H2,MAML3,CCNT1,BPTF,POU2F1,USP29,FANCI,DCLK2,MRPL11,EIF3B,TBRG4,EIF5,MRPS17,CCAR1,MRPS23,MSL3,SMARCA4,GON4L,UPF3B,EIF3C,STK33,RARA,POLR3K,TOP1,MRPS12,RPS11,MAPK13,SUV39H1,ACD,DMRT1,PIM2,GATA2,CCNK,MRPL14,PDIK1L,EMX1,TUFM,ST8SIA4,NPR2,STK4,MRPL3,MRPL47,MED19,TAF11,PRMT7,CHEK2,MRRF,ASPHD2,MTBP,BARX2,PROX1,USP3,CREB5,TRP53INP1,TCEA3,EHF,BMX,EIF2AK4,B3GNT5,CITED4,USP13,ART5,INSRR,ASCL3,CUL3,FOXI1,DMRT2,FOXI2,PRMT1,CDK4,ASCL1,RPS5,ID1,FOXG1,DMRTA2,MLH1,AURKB,MRPL32,ZC3H14,ISL1,PAX6,DBP,TAF12,CDK1,RPL4,RPS6,SP4,CUL2,RPS19,TCF7,IKBKE,USP54,FDXACB1,LARS,FOXP1,MCM3,RPA2,TOP2A,MRPL18,CDC6,RPL13A,PPIL1,ORC6,GRK6,EEF1G,PRMT5,KHSRP,RUNX2,TLE4,USP25,ETS1,EPHA1,DDI2,RORA,ABLIM3,TEAD3,ABL1,POLD4,MAP3K4,PITX1,RPS24,EPHB1,RPLP2,IMMP2L,PATZ1,PADI1,HIPK3,RPS13"
"GO:BP","organelle organization","GO:0006996","5.889579918920384e-14","13.229915680662984","654","702","98","11240","NCAPG,CENPP,CEP57,SMC4,PCM1,ESPN,MAST1,RAD21,BUB1,CENPN,CEP152,BUB1B,TPX2,CENPI,EVPL,CHCHD4,FMNL1,CLVS1,EED,PIF1,HAUS4,CENPH,TIMM10,CDC26,INO80C,DAAM1,ASPM,PLK4,NCAPH,MCM5,ELMO1,MCM4,MCM6,ATAD2,MRTO4,TINF2,KIF20B,MCM2,TERF1,HMGN5,DSCC1,APOO,PSMC3IP,HAT1,CORO1C,NAP1L1,ITGB3BP,HAUS6,CENPT,MCM7,HAUS1,NSL1,SMC1A,MCM8,PDS5A,CNTROB,NDUFAF3,INCENP,CEP70,CENPC1,CDK5RAP2,RTEL1,CEP192,NDC80,ECT2,CENPW,AURKA,SUV39H2,MAPRE1,MSL3,SMARCA4,GAS2L3,MAD1L1,MDM1,TOP1,SUV39H1,ACD,CAPZA1,CENPO,SIPA1L1,AURKB,PACSIN1,CAPZB,ARHGEF10,PRC1,CFL2,TOMM40,SET,MCM3,CENPK,TOP2A,ASF1B,WASF2,NCAPD2,NAP1L4,CCDC151,ABLIM3,IMMP2L"
"GO:BP","mitotic cell cycle","GO:0000278","9.491635341317936e-14","13.022658955273025","80","702","30","11240","NCAPG,ZWILCH,BUB1,BUB1B,TPX2,CDC26,NCAPH,CCNE2,KIF20B,DSCC1,CCNE1,MIS12,WEE2,NSL1,RAD51,SMC1A,PDS5A,INCENP,E2F4,NDC80,CENPW,AURKA,FOXM1,MAD1L1,KIF20A,CDKN1C,AURKB,ARHGEF10,CEP55,NCAPD2"
"GO:BP","nucleic acid metabolic process","GO:0090304","2.1938846126187653e-13","12.65878621788289","2058","702","214","11240","NARS,HTATSF1,LARP7,E2F1,MYBL1,DLX3,TRP53,POLR2A,FUS,INTS7,SFMBT1,TRMT2A,CDCA7,CDCA7L,NEUROG1,MRE11A,LSM6,RYBP,ISY1,RCL1,DNA2,METTL1,RNF168,GTF2E2,MSH6,DNMT1,PIF1,MYBBP1A,APEX1,MED18,RAD23A,SF3B5,TRMT61A,FANCA,TSEN15,NSMCE4A,WDR4,FOXP4,HMGA2,MED9,FANCB,SIN3A,PBX1,HNRNPA2B1,PPHLN1,MMS22L,KIF22,MCM5,BCLAF1,MCM4,MCM6,E2F8,RFWD3,LIG1,USP1,RAD51AP1,UNG,PRIM1,ATAD2,BRCA1,LSM2,TINF2,E2F7,MCM2,RBL1,MSH2,TERF1,PKNOX1,E2F2,MYB,TIPIN,BLM,NEUROD1,SRSF10,NEUROD2,CBFA2T2,RFC1,PSMC3IP,HAT1,MSX1,PHF20,SNRPG,ITGB3BP,LIN9,PRIM2,DARS,MCM7,U2AF1,GAR1,GTF2F2,RBM17,SRRT,ID3,EXOSC1,MCM10,POP4,AARS,BRCA2,GEMIN6,RAD18,RAD51,SMC1A,TEAD2,EXO1,RAD51C,BRCC3,NEUROD4,ENY2,GTF2H4,RPP14,FARSA,MYCN,E2F5,DGCR8,E2F4,RTEL1,SRRM1,TFDP2,RBFOX2,ID2,SF1,NFYB,LSM4,LSM3,FOXM1,TRIT1,HES5,L3MBTL2,PRPF31,MAML3,CCNT1,BPTF,POU2F1,FANCI,THOC7,TBRG4,CCAR1,MSL3,SMARCA4,GON4L,UPF3B,RBM8A,SRSF11,TSN,RARA,POLR3K,TOP1,NCBP1,PRPF3,ACD,DMRT1,SART1,GATA2,CCNK,CDKAL1,TBL3,EMX1,BOP1,MED19,TRUB2,TAF11,WBP11,CWC15,BARX2,PROX1,CREB5,TRP53INP1,TCEA3,EHF,CITED4,ASCL3,FOXI1,DMRT2,FOXI2,FBL,ASCL1,PTBP1,ID1,FOXG1,DMRTA2,MLH1,ZC3H14,ISL1,PAX6,DBP,TAF12,SP4,TCF7,FDXACB1,DIMT1,POP1,LARS,FOXP1,MCM3,RPA2,TOP2A,CDC6,PRPF40A,SNRPF,SRSF2,SNRNP25,HNRNPUL1,HNRNPL,KHSRP,RUNX2,TLE4,ETS1,DDI2,RORA,ABLIM3,TEAD3,POLD4,PITX1,PATZ1"
"GO:BP","cellular component organization or biogenesis","GO:0071840","1.2671585897838869e-12","11.89716902808587","983","702","125","11240","NCAPG,CENPP,CEP57,SMC4,PCM1,ESPN,MAST1,RAD21,BUB1,CENPN,CEP152,BUB1B,TRP53,TPX2,CENPI,EVPL,ISY1,CHCHD4,RCL1,FMNL1,CLVS1,EED,METRN,PIF1,TBCD,HAUS4,CENPH,TIMM10,ORMDL1,CDC26,INO80C,DAAM1,KCTD3,ASPM,PLK4,NCAPH,RPLP0,MCM5,ELMO1,MCM4,MCM6,ATAD2,MRTO4,TINF2,KIF20B,MCM2,TERF1,HMGN5,DSCC1,APOO,NEUROD2,PSMC3IP,HAT1,CORO1C,NAP1L1,SNRPG,ITGB3BP,IGSF9,HAUS6,CENPT,MCM7,GAR1,RRS1,HAUS1,GEMIN6,NSL1,SMC1A,MCM8,PDS5A,WDR12,CNTROB,NDUFAF3,INCENP,CEP70,CENPC1,CDK5RAP2,RTEL1,CEP192,NDC80,ECT2,CENPW,AURKA,PRPF31,SUV39H2,MAPRE1,CAND1,MSL3,SMARCA4,GAS2L3,MAD1L1,MDM1,TOP1,PSMD5,SUV39H1,ACD,TBL3,CAPZA1,BOP1,CENPO,SIPA1L1,ROBO1,FBL,CAV1,AURKB,PACSIN1,CAPZB,ARHGEF10,PRC1,CFL2,DIMT1,TOMM40,SET,MCM3,CENPK,TOP2A,ASF1B,WASF2,SNRPF,NCAPD2,NAP1L4,CCDC151,BOC,ABLIM3,IMMP2L,HSCB"
"GO:BP","DNA-dependent DNA replication","GO:0006261","3.846706799394012e-12","11.414910914877998","23","702","16","11240","DNA2,POLE2,GINS4,MMS22L,MCM5,MCM4,MCM6,PRIM1,MCM2,TIPIN,PRIM2,MCM7,MCM10,RAD51,MCM3,CDC6"
"GO:BP","mitotic cell cycle process","GO:1903047","1.6042689765141383e-11","10.794722814840803","65","702","25","11240","NCAPG,ZWILCH,BUB1,BUB1B,TPX2,CDC26,NCAPH,CCNE2,KIF20B,DSCC1,CCNE1,NSL1,RAD51,SMC1A,PDS5A,INCENP,NDC80,AURKA,FOXM1,MAD1L1,KIF20A,AURKB,ARHGEF10,CEP55,NCAPD2"
"GO:BP","RNA processing","GO:0006396","1.7303614414454115e-11","10.761863171073625","277","702","54","11240","HTATSF1,LARP7,INTS7,TRMT2A,LSM6,ISY1,RCL1,METTL1,SF3B5,TRMT61A,TSEN15,HNRNPA2B1,LSM2,SRSF10,SNRPG,U2AF1,RBM17,SRRT,EXOSC1,POP4,GEMIN6,RPP14,DGCR8,SRRM1,RBFOX2,SF1,LSM4,LSM3,TRIT1,PRPF31,THOC7,RBM8A,SRSF11,POLR3K,NCBP1,PRPF3,SART1,CDKAL1,TBL3,BOP1,TRUB2,WBP11,CWC15,FBL,PTBP1,ZC3H14,DIMT1,POP1,PRPF40A,SNRPF,SRSF2,SNRNP25,HNRNPUL1,HNRNPL"
"GO:BP","cellular component organization","GO:0016043","1.3760920170147617e-10","9.861352524570268","929","702","115","11240","NCAPG,CENPP,CEP57,SMC4,PCM1,ESPN,MAST1,RAD21,BUB1,CENPN,CEP152,BUB1B,TRP53,TPX2,CENPI,EVPL,ISY1,CHCHD4,FMNL1,CLVS1,EED,METRN,PIF1,TBCD,HAUS4,CENPH,TIMM10,CDC26,INO80C,DAAM1,KCTD3,ASPM,PLK4,NCAPH,MCM5,ELMO1,MCM4,MCM6,ATAD2,MRTO4,TINF2,KIF20B,MCM2,TERF1,HMGN5,DSCC1,APOO,NEUROD2,PSMC3IP,HAT1,CORO1C,NAP1L1,SNRPG,ITGB3BP,IGSF9,HAUS6,CENPT,MCM7,HAUS1,GEMIN6,NSL1,SMC1A,MCM8,PDS5A,CNTROB,NDUFAF3,INCENP,CEP70,CENPC1,CDK5RAP2,RTEL1,CEP192,NDC80,ECT2,CENPW,AURKA,PRPF31,SUV39H2,MAPRE1,CAND1,MSL3,SMARCA4,GAS2L3,MAD1L1,MDM1,TOP1,PSMD5,SUV39H1,ACD,CAPZA1,CENPO,SIPA1L1,ROBO1,CAV1,AURKB,PACSIN1,CAPZB,ARHGEF10,PRC1,CFL2,TOMM40,SET,MCM3,CENPK,TOP2A,ASF1B,WASF2,SNRPF,NCAPD2,NAP1L4,CCDC151,BOC,ABLIM3,IMMP2L,HSCB"
"GO:BP","cellular process","GO:0009987","2.069554884314455e-10","9.684123051679823","9359","702","648","11240","NARS,AKAP9,ADSL,HTATSF1,SV2B,NCAPG,ZWILCH,CENPP,CEP57,LARP7,E2F1,FZR1,SMC4,SNX5,EIF1B,TPR,PCM1,NRK,MYBL1,ESPN,CDC25B,ZBED3,KIF11,DOCK3,ARHGAP33,MAST1,MRPS7,RAD21,BUB1,CENPN,DLX3,CEP152,KIF4,DYNLL2,TUBA1B,CS,RPL18A,PLK1,BUB1B,KIF2C,VRK1,ARHGAP19,TRP53,KIF3C,TPX2,CENPI,POLR2A,CDCA2,CCT4,TFRC,FUS,SLC35B1,EVPL,INTS7,TMEM109,GJC1,GMNN,UMPS,SFMBT1,PASK,TRMT2A,CDCA7,CDCA7L,NEUROG1,MRE11A,GINS1,CSE1L,SPSB4,MPI,LSM6,TUBA4A,RYBP,STX16,ISY1,CHCHD4,RCL1,FMNL1,BOK,DNA2,METTL1,RNF168,TPST1,NME1,UCHL5,DCTD,GTF2E2,ATP5C1,THTPA,POLE2,SHMT2,MSH6,HSPD1,DNMT1,CLVS1,RAE1,RHOBTB3,EED,ART1,METRN,PIF1,TBCD,CDC20,MYBBP1A,PCDHGA8,HAUS4,PRMT3,DTYMK,POLD2,GMPS,CENPH,PBK,GINS4,DHFR,APEX1,RFC2,CCHCR1,MED18,CAMK4,CASP2,FASN,RAD23A,FGF15,SF3B5,TIMM10,TRMT61A,ENPP2,HMBS,FANCA,SH3BP4,ORMDL1,ADK,ITGA4,TSEN15,NSMCE4A,MAP2K2,CDC26,WDR4,B3GALNT1,ABCG2,INO80C,DAAM1,BRSK2,AP4M1,RGS18,KCTD3,DLL4,PPID,ARHGAP28,FOXP4,HMGA2,ATP6V1G3,EIF4E2,SLC35B2,VCL,IQGAP3,SLC43A1,ENO4,KIF15,MED9,USP14,ASPM,PLK4,CAD,NCAPH,FANCB,CCR2,SIN3A,POLA2,PANK2,SERPINB2,MAST2,RPLP0,PBX1,HNRNPA2B1,NPHP4,PPHLN1,MMS22L,UCHL3,KIF22,MCM5,IMPDH2,BCLAF1,ELMO1,MCM4,MCM6,E2F8,RFWD3,LIG1,POLA1,USP1,RAD51AP1,UNG,PRIM1,ATAD2,MRTO4,GINS2,BRCA1,CCNE2,LSM2,TINF2,BRIP1,E2F7,KIF20B,RRM1,MCM2,RBL1,MSH2,IPO5,FGF8,TERF1,CDC25A,PKNOX1,E2F2,MYB,RANBP1,HMGN5,DSCC1,DCTPP1,GART,TIPIN,BLM,APOO,NEUROD1,SRSF10,PPAT,NEUROD2,IFT27,CCNE1,CBFA2T2,CSNK2A1,MIS12,RFC1,IPO9,PSMC3IP,HAT1,CORO1C,MSX1,PHF20,ELOVL2,NAP1L1,FKBP5,SIAH1B,CDC25C,SRM,DSN1,MRPL13,SNRPG,ITGB3BP,HTR3A,NUP50,ADA,IGSF9,RAN,POLD3,LIN9,HAUS6,PRIM2,PRMT8,CENPT,CDK2,GADD45A,DARS,WEE2,MCM7,GRB7,U2AF1,CHEK1,MRPL12,GAR1,SKA1,RRS1,GTF2F2,RBM17,HAUS1,SRRT,ID3,EXOSC1,MCM10,POP4,PSMC6,AARS,BRCA2,GEMIN6,RAD18,PPP5C,RFC4,PCNA,NSL1,RAD51,CTPS,SMC1A,TEAD2,PSD2,EXO1,DCK,RAD51C,BRCC3,MCM8,PDS5A,MRPL37,NEUROD4,ENY2,SSBP1,WDR12,GTF2H4,PCDH18,ALDH1A3,DKK1,PARP2,CNTROB,RPP14,IMPA2,FARSA,MYCN,E2F5,NKD1,NDUFAF3,INCENP,PLCH1,CEP70,DGCR8,E2F4,CDC7,CENPC1,KIT,EIF1AX,MRPL16,CDK5RAP2,RTEL1,SRRM1,TFDP2,CEP192,NDC80,RBFOX2,ATP2B1,ID2,SF1,SMTN,PPWD1,NFYB,ECT2,LSM4,RACGAP1,CENPW,ARHGAP11A,AURKA,NEK2,DKK2,LSM3,FOXM1,TRIT1,SPAG5,PPP2R5D,HES5,CDKN2A,L3MBTL2,OXCT1,PRKCSH,PRPF31,SUV39H2,MAML3,MAPRE1,CCNT1,BPTF,POU2F1,USP29,FANCI,THOC7,FZD3,DCLK2,MRPL11,RASSF10,EIF3B,KIF5B,TBRG4,EIF5,MRPS17,CCAR1,KIFC1,RANBP3,CAND1,MRPS23,MSL3,SMARCA4,KIFC5B,RASGEF1A,GON4L,KIF18A,GAS2L3,UPF3B,EIF3C,STK33,HSP90AA1,MAD1L1,MDM1,KIF24,PFDN4,RBM8A,SRSF11,TSN,RARA,KIF20A,POLR3K,TOP1,CXCR4,MRPS12,ANK2,RPS11,CDHR1,EFNA4,MAPK13,NCBP1,PSMD5,ACY1,SUV39H1,PRPF3,ACD,SSTR2,DMRT1,PIM2,SART1,GATA2,CCNK,CDKAL1,MRPL14,DAP3,TBL3,CAPZA1,PDIK1L,EMX1,TUFM,ST8SIA4,BOP1,PODXL,KCNH6,CASR,NPR2,STK4,MRPL3,MRPL47,MED19,TRUB2,CHRND,CENPO,CD247,KIF23,TAF11,SLC44A1,WBP11,CWC15,PRMT7,CHEK2,DEPDC1B,TOMM22,MRRF,WDR76,ASPHD2,TNFAIP8L1,DERA,MTBP,BARX2,ARHGEF7,PROX1,USP3,CREB5,TRP53INP1,TCEA3,SIPA1L1,EHF,SHROOM3,MUC20,BMX,CD24A,SOS1,PNPLA2,BIK,NME4,EIF2AK4,RASSF6,PIK3CG,B3GNT5,CITED4,USP13,PENK,CDKN1C,FREM1,ART5,INSRR,ITGA1,ATP6V0D2,PLXNA4,ASCL3,CUL3,FOXI1,ROBO1,HPGDS,DMRT2,SRP14,FOXI2,DIXDC1,INPPL1,CFTR,PLCL2,RCAN2,RHOBTB1,GNB3,GADD45G,ODC1,PAICS,PRMT1,FBL,CDK4,XRN2,SLC39A8,XPOT,ASCL1,RPS5,DVL2,PTBP1,IRS1,SLC16A1,CAV1,PDE7A,ID1,PCDH8,FOXG1,DMRTA2,TRPC5,CYSLTR1,RASGEF1B,MLH1,AURKB,PACSIN1,MRPL32,ZC3H14,WDR91,GDI2,PLA2G12A,ISL1,PAX6,SLC2A4,CAPZB,RRAS,DBP,SLC25A4,ARHGEF10,PPA1,PRC1,TAF12,CDK1,CCNF,RPL4,CEP55,MAGED1,RPS6,CFL2,PCDHB18,SP4,CUL2,SOCS1,RPS19,GPD1,TCF7,RASAL1,LTC4S,RAC2,TANK,SLC25A24,IKBKE,USP54,CACNB1,FDXACB1,DNAJA3,TGDS,PYCR2,DIMT1,POP1,LARS,TOMM40,FOXP1,SET,MCM3,CENPK,RRM2,RPA2,TOP2A,ASF1B,MRPL18,ATP5B,CDC6,RPL13A,ATP5G1,CDKN3,PRPF40A,WASF2,SNRPF,PCDH17,SRSF2,PPIL1,AK2,ORC6,CCT7,TCP1,GRK6,NCAPD2,EEF1G,NAP1L4,XPO1,SNRNP25,PRMT5,HNRNPUL1,HNRNPL,KHSRP,CCDC151,APC2,VDAC2,ARHGAP23,RUNX2,SH2B3,SPRED2,TLE4,USP25,PPP2R5A,BOC,ETS1,EPHA1,DDI2,RORA,ABLIM3,NRADD,TEAD3,ABL1,POLD4,MAP3K4,RAMP3,PITX1,RPS24,EPHB1,RAPGEF3,RPLP2,IMMP2L,PATZ1,HSCB,ATP5H,PADI1,HIPK3,RPS13,PI4KB"
"GO:BP","regulation of cell cycle","GO:0051726","5.177822894305e-10","9.285852808544153","106","702","30","11240","ZWILCH,CDC25B,BUB1,BUB1B,TPX2,GMNN,CDC26,CCNE2,KIF20B,RBL1,CDC25A,TIPIN,CCNE1,CDC25C,GADD45A,CHEK1,E2F5,INCENP,TFDP2,ECT2,SPAG5,CDKN2A,MAD1L1,MDM1,EIF2AK4,CDKN1C,GADD45G,AURKB,PRC1,CCNF"
"GO:BP","cellular biosynthetic process","GO:0044249","4.366451220014118e-9","8.359871387216725","2215","702","211","11240","NARS,ADSL,E2F1,EIF1B,MYBL1,MRPS7,DLX3,RPL18A,TRP53,POLR2A,FUS,GMNN,UMPS,SFMBT1,CDCA7,CDCA7L,NEUROG1,GINS1,MPI,RYBP,DNA2,NME1,GTF2E2,ATP5C1,POLE2,SHMT2,MYBBP1A,DTYMK,POLD2,GMPS,GINS4,DHFR,RFC2,MED18,FASN,HMBS,ORMDL1,ADK,B3GALNT1,FOXP4,HMGA2,EIF4E2,MED9,CAD,SIN3A,POLA2,PANK2,PBX1,PPHLN1,MMS22L,KIF22,MCM5,IMPDH2,BCLAF1,MCM4,MCM6,E2F8,LIG1,POLA1,PRIM1,ATAD2,GINS2,E2F7,RRM1,MCM2,RBL1,PKNOX1,E2F2,MYB,DCTPP1,GART,TIPIN,BLM,NEUROD1,PPAT,NEUROD2,CBFA2T2,RFC1,HAT1,MSX1,PHF20,ELOVL2,MRPL13,ITGB3BP,ADA,POLD3,LIN9,PRIM2,DARS,MCM7,MRPL12,GTF2F2,ID3,MCM10,AARS,RFC4,PCNA,RAD51,CTPS,TEAD2,MRPL37,NEUROD4,ENY2,SSBP1,FARSA,MYCN,E2F5,E2F4,EIF1AX,MRPL16,RTEL1,TFDP2,ID2,NFYB,FOXM1,HES5,L3MBTL2,MAML3,CCNT1,BPTF,POU2F1,MRPL11,EIF3B,EIF5,MRPS17,CCAR1,MRPS23,MSL3,SMARCA4,GON4L,EIF3C,RARA,POLR3K,MRPS12,RPS11,DMRT1,GATA2,CCNK,MRPL14,EMX1,TUFM,ST8SIA4,NPR2,STK4,MRPL3,MRPL47,MED19,TAF11,MRRF,DERA,BARX2,PROX1,CREB5,TRP53INP1,TCEA3,EHF,NME4,EIF2AK4,B3GNT5,CITED4,ASCL3,FOXI1,DMRT2,FOXI2,ODC1,PAICS,ASCL1,RPS5,ID1,FOXG1,DMRTA2,MRPL32,ISL1,PAX6,DBP,TAF12,RPL4,RPS6,SP4,RPS19,TCF7,FDXACB1,PYCR2,LARS,FOXP1,MCM3,RRM2,RPA2,MRPL18,ATP5B,CDC6,RPL13A,ATP5G1,AK2,ORC6,EEF1G,KHSRP,RUNX2,TLE4,ETS1,DDI2,RORA,ABLIM3,TEAD3,POLD4,PITX1,RPS24,RPLP2,PATZ1,ATP5H,RPS13"
"GO:BP","mitotic nuclear division","GO:0140014","7.051195026574053e-9","8.15173727315538","37","702","17","11240","NCAPG,BUB1,BUB1B,CDC26,NCAPH,KIF20B,DSCC1,NSL1,SMC1A,PDS5A,INCENP,NDC80,AURKA,MAD1L1,AURKB,ARHGEF10,NCAPD2"
"GO:BP","organic substance biosynthetic process","GO:1901576","1.0823920960127642e-8","7.965615387761667","2263","702","213","11240","NARS,ADSL,E2F1,EIF1B,MYBL1,MRPS7,DLX3,RPL18A,TRP53,POLR2A,FUS,GMNN,UMPS,SFMBT1,CDCA7,CDCA7L,NEUROG1,GINS1,MPI,RYBP,DNA2,NME1,GTF2E2,ATP5C1,POLE2,SHMT2,MYBBP1A,DTYMK,POLD2,GMPS,GINS4,DHFR,RFC2,MED18,FASN,HMBS,NANS,ORMDL1,ADK,B3GALNT1,FOXP4,HMGA2,EIF4E2,MED9,CAD,SIN3A,POLA2,PANK2,PBX1,PPHLN1,MMS22L,KIF22,MCM5,IMPDH2,BCLAF1,MCM4,MCM6,E2F8,LIG1,POLA1,PRIM1,ATAD2,GINS2,E2F7,RRM1,MCM2,RBL1,PKNOX1,E2F2,MYB,DCTPP1,GART,TIPIN,BLM,NEUROD1,PPAT,NEUROD2,CBFA2T2,RFC1,HAT1,MSX1,PHF20,ELOVL2,MRPL13,ITGB3BP,ADA,POLD3,LIN9,PRIM2,DARS,MCM7,MRPL12,GTF2F2,ID3,MCM10,AARS,RFC4,PCNA,RAD51,CTPS,TEAD2,MRPL37,NEUROD4,ENY2,SSBP1,FARSA,MYCN,E2F5,E2F4,EIF1AX,MRPL16,RTEL1,TFDP2,ID2,NFYB,FOXM1,HES5,L3MBTL2,MAML3,CCNT1,BPTF,POU2F1,MRPL11,EIF3B,EIF5,MRPS17,CCAR1,MRPS23,MSL3,SMARCA4,GON4L,EIF3C,RARA,POLR3K,MRPS12,RPS11,DMRT1,GATA2,CCNK,MRPL14,EMX1,TUFM,ST8SIA4,NPR2,STK4,MRPL3,MRPL47,MED19,TAF11,MRRF,DERA,BARX2,PROX1,CREB5,TRP53INP1,TCEA3,EHF,NME4,EIF2AK4,B3GNT5,CITED4,ASCL3,FOXI1,DMRT2,TM7SF2,FOXI2,ODC1,PAICS,ASCL1,RPS5,ID1,FOXG1,DMRTA2,MRPL32,ISL1,PAX6,DBP,TAF12,RPL4,RPS6,SP4,RPS19,TCF7,FDXACB1,PYCR2,LARS,FOXP1,MCM3,RRM2,RPA2,MRPL18,ATP5B,CDC6,RPL13A,ATP5G1,AK2,ORC6,EEF1G,KHSRP,RUNX2,TLE4,ETS1,DDI2,RORA,ABLIM3,TEAD3,POLD4,PITX1,RPS24,RPLP2,PATZ1,ATP5H,RPS13"
"GO:BP","gene expression","GO:0010467","2.3335787181402822e-8","7.631977544563554","2116","702","201","11240","NARS,HTATSF1,LARP7,E2F1,EIF1B,MYBL1,MRPS7,DLX3,RPL18A,TRP53,POLR2A,FUS,INTS7,SFMBT1,TRMT2A,CDCA7,CDCA7L,NEUROG1,LSM6,RYBP,ISY1,RCL1,METTL1,GTF2E2,RAE1,MYBBP1A,MED18,SF3B5,TRMT61A,TSEN15,FOXP4,HMGA2,EIF4E2,MED9,SIN3A,MAST2,PBX1,HNRNPA2B1,PPHLN1,KIF22,BCLAF1,E2F8,ATAD2,LSM2,E2F7,RBL1,PKNOX1,E2F2,MYB,TCF19,NEUROD1,SRSF10,NEUROD2,CBFA2T2,HAT1,MSX1,PHF20,MRPL13,SNRPG,ITGB3BP,LIN9,DARS,U2AF1,MRPL12,GTF2F2,RBM17,SRRT,ID3,EXOSC1,POP4,AARS,GEMIN6,TEAD2,MRPL37,NEUROD4,ENY2,RPP14,FARSA,MYCN,E2F5,DGCR8,E2F4,EIF1AX,MRPL16,SRRM1,TFDP2,RBFOX2,ID2,SF1,NFYB,LSM4,LSM3,FOXM1,TRIT1,HES5,L3MBTL2,PRPF31,MAML3,CCNT1,BPTF,POU2F1,THOC7,MRPL11,EIF3B,TBRG4,EIF5,MRPS17,CCAR1,MRPS23,MSL3,SMARCA4,GON4L,UPF3B,EIF3C,RBM8A,SRSF11,RARA,POLR3K,MRPS12,RPS11,NCBP1,PRPF3,DMRT1,SART1,GATA2,CCNK,CDKAL1,MRPL14,TBL3,EMX1,TUFM,BOP1,STK4,MRPL3,MRPL47,MED19,TRUB2,TAF11,WBP11,CWC15,MRRF,BARX2,PROX1,CREB5,TRP53INP1,TCEA3,EHF,EIF2AK4,CITED4,ASCL3,FOXI1,DMRT2,FOXI2,FBL,ASCL1,RPS5,PTBP1,ID1,FOXG1,DMRTA2,MRPL32,ZC3H14,ISL1,PAX6,DBP,TAF12,RPL4,MAGED1,RPS6,SP4,RPS19,TCF7,FDXACB1,DIMT1,POP1,LARS,FOXP1,MRPL18,RPL13A,PRPF40A,SNRPF,SRSF2,EEF1G,SNRNP25,HNRNPUL1,HNRNPL,KHSRP,RUNX2,TLE4,ETS1,DDI2,RORA,ABLIM3,TEAD3,PITX1,RPS24,RPLP2,IMMP2L,PATZ1,HSCB,RPS13"
"GO:BP","centromere complex assembly","GO:0034508","2.6041228319926655e-8","7.584338534697358","12","702","10","11240","CENPP,CENPN,CENPI,CENPH,ITGB3BP,CENPT,CENPC1,CENPW,CENPO,CENPK"
"GO:BP","RNA splicing","GO:0008380","4.535791728515207e-8","7.3433468953041245","82","702","24","11240","HTATSF1,LSM6,ISY1,SF3B5,TSEN15,SRSF10,SNRPG,U2AF1,RBM17,GEMIN6,RBFOX2,SF1,LSM4,LSM3,PRPF31,SRSF11,NCBP1,PRPF3,SART1,CWC15,PRPF40A,SNRPF,SRSF2,SNRNP25"
"GO:BP","cellular response to DNA damage stimulus","GO:0006974","4.703163130785018e-8","7.327609957343422","189","702","38","11240","MRE11A,RNF168,MSH6,PIF1,APEX1,RAD23A,FANCA,NSMCE4A,FANCB,MMS22L,KIF22,BCLAF1,RFWD3,LIG1,USP1,RAD51AP1,UNG,BRCA1,MSH2,TIPIN,BLM,RFC1,CHEK1,BRCA2,RAD18,RAD51,SMC1A,EXO1,RAD51C,BRCC3,GTF2H4,RTEL1,FANCI,WDR76,EIF2AK4,MLH1,RPA2,POLD4"
"GO:BP","biosynthetic process","GO:0009058","6.441296291209212e-8","7.191026723406168","2305","702","213","11240","NARS,ADSL,E2F1,EIF1B,MYBL1,MRPS7,DLX3,RPL18A,TRP53,POLR2A,FUS,GMNN,UMPS,SFMBT1,CDCA7,CDCA7L,NEUROG1,GINS1,MPI,RYBP,DNA2,NME1,GTF2E2,ATP5C1,POLE2,SHMT2,MYBBP1A,DTYMK,POLD2,GMPS,GINS4,DHFR,RFC2,MED18,FASN,HMBS,NANS,ORMDL1,ADK,B3GALNT1,FOXP4,HMGA2,EIF4E2,MED9,CAD,SIN3A,POLA2,PANK2,PBX1,PPHLN1,MMS22L,KIF22,MCM5,IMPDH2,BCLAF1,MCM4,MCM6,E2F8,LIG1,POLA1,PRIM1,ATAD2,GINS2,E2F7,RRM1,MCM2,RBL1,PKNOX1,E2F2,MYB,DCTPP1,GART,TIPIN,BLM,NEUROD1,PPAT,NEUROD2,CBFA2T2,RFC1,HAT1,MSX1,PHF20,ELOVL2,MRPL13,ITGB3BP,ADA,POLD3,LIN9,PRIM2,DARS,MCM7,MRPL12,GTF2F2,ID3,MCM10,AARS,RFC4,PCNA,RAD51,CTPS,TEAD2,MRPL37,NEUROD4,ENY2,SSBP1,FARSA,MYCN,E2F5,E2F4,EIF1AX,MRPL16,RTEL1,TFDP2,ID2,NFYB,FOXM1,HES5,L3MBTL2,MAML3,CCNT1,BPTF,POU2F1,MRPL11,EIF3B,EIF5,MRPS17,CCAR1,MRPS23,MSL3,SMARCA4,GON4L,EIF3C,RARA,POLR3K,MRPS12,RPS11,DMRT1,GATA2,CCNK,MRPL14,EMX1,TUFM,ST8SIA4,NPR2,STK4,MRPL3,MRPL47,MED19,TAF11,MRRF,DERA,BARX2,PROX1,CREB5,TRP53INP1,TCEA3,EHF,NME4,EIF2AK4,B3GNT5,CITED4,ASCL3,FOXI1,DMRT2,TM7SF2,FOXI2,ODC1,PAICS,ASCL1,RPS5,ID1,FOXG1,DMRTA2,MRPL32,ISL1,PAX6,DBP,TAF12,RPL4,RPS6,SP4,RPS19,TCF7,FDXACB1,PYCR2,LARS,FOXP1,MCM3,RRM2,RPA2,MRPL18,ATP5B,CDC6,RPL13A,ATP5G1,AK2,ORC6,EEF1G,KHSRP,RUNX2,TLE4,ETS1,DDI2,RORA,ABLIM3,TEAD3,POLD4,PITX1,RPS24,RPLP2,PATZ1,ATP5H,RPS13"
"GO:BP","mRNA processing","GO:0006397","8.094256825363017e-8","7.091823019851984","105","702","27","11240","HTATSF1,LSM6,ISY1,SF3B5,HNRNPA2B1,LSM2,SNRPG,U2AF1,SRRT,GEMIN6,SRRM1,SF1,LSM4,LSM3,PRPF31,THOC7,NCBP1,PRPF3,SART1,CWC15,PTBP1,ZC3H14,PRPF40A,SNRPF,SRSF2,SNRNP25,HNRNPL"
"GO:BP","mitotic sister chromatid segregation","GO:0000070","1.1148309964688344e-7","6.952790964780917","28","702","14","11240","NCAPG,BUB1,BUB1B,CDC26,NCAPH,DSCC1,NSL1,SMC1A,PDS5A,INCENP,NDC80,MAD1L1,AURKB,NCAPD2"
"GO:BP","chromosome segregation","GO:0007059","1.2367589661781132e-7","6.907714932431286","54","702","19","11240","NCAPG,RAD21,BUB1,CENPN,BUB1B,CDC26,NCAPH,DSCC1,DSN1,SKA1,NSL1,SMC1A,PDS5A,INCENP,NDC80,SPAG5,MAD1L1,AURKB,NCAPD2"
"GO:BP","sister chromatid segregation","GO:0000819","3.873495387489911e-7","6.411896956849413","35","702","15","11240","NCAPG,RAD21,BUB1,BUB1B,CDC26,NCAPH,DSCC1,NSL1,SMC1A,PDS5A,INCENP,NDC80,MAD1L1,AURKB,NCAPD2"
"GO:BP","mRNA splicing, via spliceosome","GO:0000398","9.643977171870208e-7","6.015743826306045","60","702","19","11240","HTATSF1,LSM6,ISY1,SF3B5,SNRPG,U2AF1,GEMIN6,SF1,LSM4,LSM3,PRPF31,NCBP1,PRPF3,SART1,CWC15,PRPF40A,SNRPF,SRSF2,SNRNP25"
"GO:BP","RNA splicing, via transesterification reactions with bulged adenosine as nucleophile","GO:0000377","9.643977171870208e-7","6.015743826306045","60","702","19","11240","HTATSF1,LSM6,ISY1,SF3B5,SNRPG,U2AF1,GEMIN6,SF1,LSM4,LSM3,PRPF31,NCBP1,PRPF3,SART1,CWC15,PRPF40A,SNRPF,SRSF2,SNRNP25"
"GO:BP","RNA splicing, via transesterification reactions","GO:0000375","9.643977171870208e-7","6.015743826306045","60","702","19","11240","HTATSF1,LSM6,ISY1,SF3B5,SNRPG,U2AF1,GEMIN6,SF1,LSM4,LSM3,PRPF31,NCBP1,PRPF3,SART1,CWC15,PRPF40A,SNRPF,SRSF2,SNRNP25"
"GO:BP","DNA repair","GO:0006281","0.0000013157046159746453","5.880841601642597","167","702","33","11240","MRE11A,RNF168,MSH6,PIF1,APEX1,RAD23A,FANCA,NSMCE4A,FANCB,MMS22L,KIF22,RFWD3,LIG1,USP1,RAD51AP1,UNG,BRCA1,MSH2,BLM,RFC1,BRCA2,RAD18,RAD51,SMC1A,EXO1,RAD51C,BRCC3,GTF2H4,RTEL1,FANCI,MLH1,RPA2,POLD4"
"GO:BP","mRNA metabolic process","GO:0016071","0.0000023759728008224116","5.624158535290318","137","702","29","11240","HTATSF1,LSM6,ISY1,SF3B5,HNRNPA2B1,LSM2,SNRPG,U2AF1,SRRT,GEMIN6,SRRM1,SF1,LSM4,LSM3,PRPF31,THOC7,TBRG4,UPF3B,NCBP1,PRPF3,SART1,CWC15,PTBP1,ZC3H14,PRPF40A,SNRPF,SRSF2,SNRNP25,HNRNPL"
"GO:BP","macromolecule biosynthetic process","GO:0009059","0.0000024298142091407296","5.614426932586754","1925","702","179","11240","NARS,E2F1,EIF1B,MYBL1,MRPS7,DLX3,RPL18A,TRP53,POLR2A,FUS,GMNN,SFMBT1,CDCA7,CDCA7L,NEUROG1,GINS1,RYBP,DNA2,GTF2E2,POLE2,MYBBP1A,POLD2,GINS4,RFC2,MED18,ORMDL1,B3GALNT1,FOXP4,HMGA2,EIF4E2,MED9,SIN3A,POLA2,PBX1,PPHLN1,MMS22L,KIF22,MCM5,BCLAF1,MCM4,MCM6,E2F8,LIG1,POLA1,PRIM1,ATAD2,GINS2,E2F7,RRM1,MCM2,RBL1,PKNOX1,E2F2,MYB,TIPIN,BLM,NEUROD1,NEUROD2,CBFA2T2,RFC1,HAT1,MSX1,PHF20,MRPL13,ITGB3BP,POLD3,LIN9,PRIM2,DARS,MCM7,MRPL12,GTF2F2,ID3,MCM10,AARS,RFC4,PCNA,RAD51,TEAD2,MRPL37,NEUROD4,ENY2,SSBP1,FARSA,MYCN,E2F5,E2F4,EIF1AX,MRPL16,RTEL1,TFDP2,ID2,NFYB,FOXM1,HES5,L3MBTL2,MAML3,CCNT1,BPTF,POU2F1,MRPL11,EIF3B,EIF5,MRPS17,CCAR1,MRPS23,MSL3,SMARCA4,GON4L,EIF3C,RARA,POLR3K,MRPS12,RPS11,DMRT1,GATA2,CCNK,MRPL14,EMX1,TUFM,ST8SIA4,STK4,MRPL3,MRPL47,MED19,TAF11,MRRF,BARX2,PROX1,CREB5,TRP53INP1,TCEA3,EHF,EIF2AK4,B3GNT5,CITED4,ASCL3,FOXI1,DMRT2,FOXI2,ASCL1,RPS5,ID1,FOXG1,DMRTA2,MRPL32,ISL1,PAX6,DBP,TAF12,RPL4,RPS6,SP4,RPS19,TCF7,FDXACB1,LARS,FOXP1,MCM3,RPA2,MRPL18,CDC6,RPL13A,ORC6,EEF1G,KHSRP,RUNX2,TLE4,ETS1,DDI2,RORA,ABLIM3,TEAD3,POLD4,PITX1,RPS24,RPLP2,PATZ1,RPS13"
"GO:BP","DNA conformation change","GO:0071103","0.000002859801813604125","5.543664062759226","51","702","17","11240","NCAPG,CENPP,NCAPH,MCM5,MCM4,MCM6,MCM2,NAP1L1,ITGB3BP,MCM7,MCM8,TOP1,SET,MCM3,TOP2A,NCAPD2,NAP1L4"
"GO:BP","cellular response to stress","GO:0033554","0.0000031891264055881234","5.4963282665327","227","702","39","11240","MRE11A,RNF168,MSH6,PIF1,APEX1,RAD23A,FANCA,NSMCE4A,FANCB,MMS22L,KIF22,BCLAF1,RFWD3,LIG1,USP1,RAD51AP1,UNG,BRCA1,MSH2,TIPIN,BLM,RFC1,CHEK1,PSMC6,BRCA2,RAD18,RAD51,SMC1A,EXO1,RAD51C,BRCC3,GTF2H4,RTEL1,FANCI,WDR76,EIF2AK4,MLH1,RPA2,POLD4"
"GO:BP","cellular macromolecule biosynthetic process","GO:0034645","0.000003317420035727033","5.479199536726087","1919","702","178","11240","NARS,E2F1,EIF1B,MYBL1,MRPS7,DLX3,RPL18A,TRP53,POLR2A,FUS,GMNN,SFMBT1,CDCA7,CDCA7L,NEUROG1,GINS1,RYBP,DNA2,GTF2E2,POLE2,MYBBP1A,POLD2,GINS4,RFC2,MED18,B3GALNT1,FOXP4,HMGA2,EIF4E2,MED9,SIN3A,POLA2,PBX1,PPHLN1,MMS22L,KIF22,MCM5,BCLAF1,MCM4,MCM6,E2F8,LIG1,POLA1,PRIM1,ATAD2,GINS2,E2F7,RRM1,MCM2,RBL1,PKNOX1,E2F2,MYB,TIPIN,BLM,NEUROD1,NEUROD2,CBFA2T2,RFC1,HAT1,MSX1,PHF20,MRPL13,ITGB3BP,POLD3,LIN9,PRIM2,DARS,MCM7,MRPL12,GTF2F2,ID3,MCM10,AARS,RFC4,PCNA,RAD51,TEAD2,MRPL37,NEUROD4,ENY2,SSBP1,FARSA,MYCN,E2F5,E2F4,EIF1AX,MRPL16,RTEL1,TFDP2,ID2,NFYB,FOXM1,HES5,L3MBTL2,MAML3,CCNT1,BPTF,POU2F1,MRPL11,EIF3B,EIF5,MRPS17,CCAR1,MRPS23,MSL3,SMARCA4,GON4L,EIF3C,RARA,POLR3K,MRPS12,RPS11,DMRT1,GATA2,CCNK,MRPL14,EMX1,TUFM,ST8SIA4,STK4,MRPL3,MRPL47,MED19,TAF11,MRRF,BARX2,PROX1,CREB5,TRP53INP1,TCEA3,EHF,EIF2AK4,B3GNT5,CITED4,ASCL3,FOXI1,DMRT2,FOXI2,ASCL1,RPS5,ID1,FOXG1,DMRTA2,MRPL32,ISL1,PAX6,DBP,TAF12,RPL4,RPS6,SP4,RPS19,TCF7,FDXACB1,LARS,FOXP1,MCM3,RPA2,MRPL18,CDC6,RPL13A,ORC6,EEF1G,KHSRP,RUNX2,TLE4,ETS1,DDI2,RORA,ABLIM3,TEAD3,POLD4,PITX1,RPS24,RPLP2,PATZ1,RPS13"
"GO:BP","nuclear division","GO:0000280","0.0000037106631294837438","5.4305484710478895","58","702","18","11240","NCAPG,BUB1,BUB1B,CDC26,NCAPH,KIF20B,DSCC1,PSMC3IP,NSL1,SMC1A,PDS5A,INCENP,NDC80,AURKA,MAD1L1,AURKB,ARHGEF10,NCAPD2"
"GO:BP","DNA replication initiation","GO:0006270","0.0000046679556829634475","5.330873275749159","10","702","8","11240","MCM5,MCM4,MCM6,MCM2,MCM7,MCM10,MCM3,CDC6"
"GO:BP","microtubule-based process","GO:0007017","0.000006597212713707628","5.180639512751422","214","702","37","11240","CEP57,PCM1,KIF11,CEP152,KIF4,DYNLL2,TUBA1B,KIF2C,KIF3C,TPX2,TUBA4A,HAUS4,KIF15,ASPM,PLK4,KIF22,KIF20B,HAUS6,HAUS1,CNTROB,CEP70,CDK5RAP2,CEP192,AURKA,MAPRE1,KIF5B,KIFC1,KIFC5B,KIF18A,GAS2L3,MDM1,KIF24,KIF20A,KIF23,ARHGEF10,PRC1,CCDC151"
"GO:BP","nuclear chromosome segregation","GO:0098813","0.000008078372310768801","5.092676135223174","48","702","16","11240","NCAPG,RAD21,BUB1,BUB1B,CDC26,NCAPH,DSCC1,NSL1,SMC1A,PDS5A,INCENP,NDC80,SPAG5,MAD1L1,AURKB,NCAPD2"
"GO:BP","regulation of cell cycle process","GO:0010564","0.000011286802798724292","4.947429062815184","43","702","15","11240","CDC25B,BUB1,BUB1B,TPX2,CDC26,KIF20B,CDC25A,CDC25C,INCENP,ECT2,SPAG5,MAD1L1,MDM1,AURKB,PRC1"
"GO:BP","organonitrogen compound biosynthetic process","GO:1901566","0.000014177440233019513","4.848402174867182","558","702","69","11240","NARS,ADSL,EIF1B,MRPS7,RPL18A,UMPS,NME1,ATP5C1,SHMT2,DTYMK,GMPS,DHFR,HMBS,ORMDL1,ADK,B3GALNT1,EIF4E2,CAD,PANK2,IMPDH2,GART,PPAT,MRPL13,DARS,MRPL12,AARS,CTPS,MRPL37,FARSA,EIF1AX,MRPL16,MRPL11,EIF3B,EIF5,MRPS17,MRPS23,EIF3C,MRPS12,RPS11,MRPL14,TUFM,ST8SIA4,STK4,MRPL3,MRPL47,MRRF,NME4,EIF2AK4,B3GNT5,ODC1,PAICS,RPS5,MRPL32,RPL4,RPS6,RPS19,FDXACB1,PYCR2,LARS,MRPL18,ATP5B,RPL13A,ATP5G1,AK2,EEF1G,RPS24,RPLP2,ATP5H,RPS13"
"GO:BP","organelle fission","GO:0048285","0.000027142384940970388","4.5663519945098665","65","702","18","11240","NCAPG,BUB1,BUB1B,CDC26,NCAPH,KIF20B,DSCC1,PSMC3IP,NSL1,SMC1A,PDS5A,INCENP,NDC80,AURKA,MAD1L1,AURKB,ARHGEF10,NCAPD2"
"GO:BP","cell cycle phase transition","GO:0044770","0.000054049129898371265","4.26721129307751","25","702","11","11240","CDC25B,BUB1,BUB1B,CDC26,CCNE2,CDC25A,CCNE1,CDC25C,FOXM1,MAD1L1,AURKB"
"GO:BP","DNA geometric change","GO:0032392","0.00006045792154730831","4.2185467872946685","9","702","7","11240","MCM5,MCM4,MCM6,MCM2,MCM7,MCM8,MCM3"
"GO:BP","DNA duplex unwinding","GO:0032508","0.00006045792154730831","4.2185467872946685","9","702","7","11240","MCM5,MCM4,MCM6,MCM2,MCM7,MCM8,MCM3"
"GO:BP","translation","GO:0006412","0.00006669253424928329","4.175922779513898","273","702","41","11240","NARS,EIF1B,MRPS7,RPL18A,EIF4E2,MRPL13,DARS,MRPL12,AARS,MRPL37,FARSA,EIF1AX,MRPL16,MRPL11,EIF3B,EIF5,MRPS17,MRPS23,EIF3C,MRPS12,RPS11,MRPL14,TUFM,STK4,MRPL3,MRPL47,MRRF,EIF2AK4,RPS5,MRPL32,RPL4,RPS6,RPS19,FDXACB1,LARS,MRPL18,RPL13A,EEF1G,RPS24,RPLP2,RPS13"
"GO:BP","cellular nitrogen compound biosynthetic process","GO:0044271","0.00007906985653198336","4.1019890492058435","1919","702","172","11240","NARS,ADSL,E2F1,EIF1B,MYBL1,MRPS7,DLX3,RPL18A,TRP53,POLR2A,FUS,UMPS,SFMBT1,CDCA7,CDCA7L,NEUROG1,MPI,RYBP,NME1,GTF2E2,ATP5C1,MYBBP1A,DTYMK,GMPS,DHFR,MED18,HMBS,ADK,FOXP4,HMGA2,EIF4E2,MED9,CAD,SIN3A,PANK2,PBX1,PPHLN1,KIF22,IMPDH2,BCLAF1,E2F8,LIG1,PRIM1,ATAD2,E2F7,RBL1,PKNOX1,E2F2,MYB,DCTPP1,GART,NEUROD1,PPAT,NEUROD2,CBFA2T2,HAT1,MSX1,PHF20,MRPL13,ITGB3BP,ADA,LIN9,PRIM2,DARS,MRPL12,GTF2F2,ID3,AARS,CTPS,TEAD2,MRPL37,NEUROD4,ENY2,FARSA,MYCN,E2F5,E2F4,EIF1AX,MRPL16,TFDP2,ID2,NFYB,FOXM1,HES5,L3MBTL2,MAML3,CCNT1,BPTF,POU2F1,MRPL11,EIF3B,EIF5,MRPS17,CCAR1,MRPS23,MSL3,SMARCA4,GON4L,EIF3C,RARA,POLR3K,MRPS12,RPS11,DMRT1,GATA2,CCNK,MRPL14,EMX1,TUFM,NPR2,STK4,MRPL3,MRPL47,MED19,TAF11,MRRF,DERA,BARX2,PROX1,CREB5,TRP53INP1,TCEA3,EHF,NME4,EIF2AK4,CITED4,ASCL3,FOXI1,DMRT2,FOXI2,ODC1,PAICS,ASCL1,RPS5,ID1,FOXG1,DMRTA2,MRPL32,ISL1,PAX6,DBP,TAF12,RPL4,RPS6,SP4,RPS19,TCF7,FDXACB1,LARS,FOXP1,RRM2,MRPL18,ATP5B,RPL13A,ATP5G1,AK2,EEF1G,KHSRP,RUNX2,TLE4,ETS1,DDI2,RORA,ABLIM3,TEAD3,POLD4,PITX1,RPS24,RPLP2,PATZ1,ATP5H,RPS13"
"GO:BP","peptide biosynthetic process","GO:0043043","0.0001000077437067293","3.999966370811036","277","702","41","11240","NARS,EIF1B,MRPS7,RPL18A,EIF4E2,MRPL13,DARS,MRPL12,AARS,MRPL37,FARSA,EIF1AX,MRPL16,MRPL11,EIF3B,EIF5,MRPS17,MRPS23,EIF3C,MRPS12,RPS11,MRPL14,TUFM,STK4,MRPL3,MRPL47,MRRF,EIF2AK4,RPS5,MRPL32,RPL4,RPS6,RPS19,FDXACB1,LARS,MRPL18,RPL13A,EEF1G,RPS24,RPLP2,RPS13"
"GO:BP","RNA metabolic process","GO:0016070","0.00014133689217564154","3.8497444625176085","1838","702","165","11240","NARS,HTATSF1,LARP7,E2F1,MYBL1,DLX3,TRP53,POLR2A,FUS,INTS7,SFMBT1,TRMT2A,CDCA7,CDCA7L,NEUROG1,LSM6,RYBP,ISY1,RCL1,METTL1,GTF2E2,MYBBP1A,MED18,SF3B5,TRMT61A,TSEN15,WDR4,FOXP4,HMGA2,MED9,SIN3A,PBX1,HNRNPA2B1,PPHLN1,KIF22,BCLAF1,E2F8,PRIM1,ATAD2,LSM2,E2F7,RBL1,PKNOX1,E2F2,MYB,NEUROD1,SRSF10,NEUROD2,CBFA2T2,HAT1,MSX1,PHF20,SNRPG,ITGB3BP,LIN9,PRIM2,DARS,U2AF1,GAR1,GTF2F2,RBM17,SRRT,ID3,EXOSC1,POP4,AARS,GEMIN6,TEAD2,NEUROD4,ENY2,RPP14,FARSA,MYCN,E2F5,DGCR8,E2F4,SRRM1,TFDP2,RBFOX2,ID2,SF1,NFYB,LSM4,LSM3,FOXM1,TRIT1,HES5,L3MBTL2,PRPF31,MAML3,CCNT1,BPTF,POU2F1,THOC7,TBRG4,CCAR1,MSL3,SMARCA4,GON4L,UPF3B,RBM8A,SRSF11,TSN,RARA,POLR3K,NCBP1,PRPF3,DMRT1,SART1,GATA2,CCNK,CDKAL1,TBL3,EMX1,BOP1,MED19,TRUB2,TAF11,WBP11,CWC15,BARX2,PROX1,CREB5,TRP53INP1,TCEA3,EHF,CITED4,ASCL3,FOXI1,DMRT2,FOXI2,FBL,ASCL1,PTBP1,ID1,FOXG1,DMRTA2,ZC3H14,ISL1,PAX6,DBP,TAF12,SP4,TCF7,FDXACB1,DIMT1,POP1,LARS,FOXP1,PRPF40A,SNRPF,SRSF2,SNRNP25,HNRNPUL1,HNRNPL,KHSRP,RUNX2,TLE4,ETS1,DDI2,RORA,ABLIM3,TEAD3,PITX1,PATZ1"
"GO:BP","amide biosynthetic process","GO:0043604","0.000180244826379776","3.744137192111783","283","702","41","11240","NARS,EIF1B,MRPS7,RPL18A,EIF4E2,MRPL13,DARS,MRPL12,AARS,MRPL37,FARSA,EIF1AX,MRPL16,MRPL11,EIF3B,EIF5,MRPS17,MRPS23,EIF3C,MRPS12,RPS11,MRPL14,TUFM,STK4,MRPL3,MRPL47,MRRF,EIF2AK4,RPS5,MRPL32,RPL4,RPS6,RPS19,FDXACB1,LARS,MRPL18,RPL13A,EEF1G,RPS24,RPLP2,RPS13"
"GO:BP","cell division","GO:0051301","0.0005199747661415214","3.2840177317332833","36","702","12","11240","CDCA2,RBL1,DSN1,SKA1,INCENP,ECT2,SPAG5,KIF20A,AURKB,PRC1,CEP55,CDC6"
"GO:BP","microtubule cytoskeleton organization","GO:0000226","0.0005451329497546233","3.263497566891522","94","702","20","11240","CEP57,PCM1,CEP152,TPX2,HAUS4,ASPM,PLK4,HAUS6,HAUS1,CNTROB,CEP70,CDK5RAP2,CEP192,AURKA,MAPRE1,GAS2L3,MDM1,ARHGEF10,PRC1,CCDC151"
"GO:BP","kinetochore organization","GO:0051383","0.0007606558376324293","3.1188117974025285","8","702","6","11240","CENPN,CENPH,CENPT,CENPC1,CENPW,CENPK"
"GO:BP","kinetochore assembly","GO:0051382","0.0007606558376324293","3.1188117974025285","8","702","6","11240","CENPN,CENPH,CENPT,CENPC1,CENPW,CENPK"
"GO:BP","cellular protein metabolic process","GO:0044267","0.0007975724160426307","3.0982298744652423","1460","702","134","11240","NARS,FZR1,EIF1B,NRK,CDC25B,ZBED3,MAST1,MRPS7,BUB1,RPL18A,PLK1,BUB1B,VRK1,TPX2,CDCA2,PASK,RNF168,TPST1,UCHL5,EED,ART1,CDC20,PRMT3,PBK,CAMK4,RAD23A,HMBS,MAP2K2,CDC26,B3GALNT1,BRSK2,PPID,EIF4E2,USP14,PLK4,MAST2,UCHL3,RFWD3,USP1,CDC25A,CSNK2A1,HAT1,FKBP5,SIAH1B,CDC25C,MRPL13,PRMT8,CDK2,DARS,WEE2,CHEK1,MRPL12,PSMC6,AARS,RAD18,PPP5C,BRCC3,MRPL37,PARP2,FARSA,CDC7,KIT,EIF1AX,MRPL16,PPWD1,AURKA,NEK2,SUV39H2,USP29,DCLK2,MRPL11,EIF3B,EIF5,MRPS17,MRPS23,EIF3C,STK33,MRPS12,RPS11,MAPK13,SUV39H1,PIM2,MRPL14,PDIK1L,TUFM,ST8SIA4,NPR2,STK4,MRPL3,MRPL47,PRMT7,CHEK2,MRRF,ASPHD2,MTBP,USP3,BMX,EIF2AK4,B3GNT5,USP13,ART5,INSRR,CUL3,PRMT1,CDK4,RPS5,AURKB,MRPL32,CDK1,RPL4,RPS6,CUL2,RPS19,IKBKE,USP54,FDXACB1,LARS,MRPL18,RPL13A,PPIL1,GRK6,EEF1G,PRMT5,USP25,EPHA1,ABL1,MAP3K4,RPS24,EPHB1,RPLP2,IMMP2L,PADI1,HIPK3,RPS13"
"GO:BP","protein-DNA complex assembly","GO:0065004","0.00116091379518591","2.9352000280349375","45","702","13","11240","CENPP,CENPN,CENPI,CENPH,NAP1L1,ITGB3BP,CENPT,CENPC1,CENPW,CENPO,SET,CENPK,NAP1L4"
"GO:BP","peptide metabolic process","GO:0006518","0.0012350158158050846","2.908327480725859","326","702","43","11240","NARS,EIF1B,MRPS7,RPL18A,EIF4E2,MRPL13,DARS,MRPL12,AARS,MRPL37,FARSA,EIF1AX,MRPL16,MRPL11,EIF3B,EIF5,MRPS17,MRPS23,EIF3C,MRPS12,RPS11,MRPL14,TUFM,STK4,MRPL3,MRPL47,MRRF,EIF2AK4,HPGDS,RPS5,MRPL32,RPL4,RPS6,RPS19,FDXACB1,LARS,MRPL18,RPL13A,EEF1G,RPS24,RPLP2,IMMP2L,RPS13"
"GO:BP","cellular component biogenesis","GO:0044085","0.0015024610050736454","2.8231967908733795","441","702","53","11240","CENPP,PCM1,ESPN,CENPN,CEP152,TRP53,CENPI,ISY1,RCL1,TBCD,HAUS4,CENPH,ORMDL1,KCTD3,PLK4,RPLP0,MRTO4,NAP1L1,SNRPG,ITGB3BP,HAUS6,CENPT,GAR1,RRS1,HAUS1,GEMIN6,WDR12,CNTROB,NDUFAF3,CEP70,CENPC1,CEP192,ECT2,CENPW,PRPF31,CAND1,MDM1,PSMD5,TBL3,CAPZA1,BOP1,CENPO,FBL,CAV1,CAPZB,ARHGEF10,DIMT1,SET,CENPK,SNRPF,NAP1L4,CCDC151,HSCB"
"GO:BP","protein-DNA complex subunit organization","GO:0071824","0.0019913779717219146","2.700846301271492","47","702","13","11240","CENPP,CENPN,CENPI,CENPH,NAP1L1,ITGB3BP,CENPT,CENPC1,CENPW,CENPO,SET,CENPK,NAP1L4"
"GO:BP","organelle assembly","GO:0070925","0.0028591560133473873","2.5437621461854696","87","702","18","11240","PCM1,CENPN,CEP152,HAUS4,CENPH,PLK4,MRTO4,HAUS6,CENPT,HAUS1,CNTROB,CEP70,CENPC1,CENPW,MDM1,ARHGEF10,CENPK,CCDC151"
"GO:BP","negative regulation of cell cycle","GO:0045786","0.005514381072785701","2.2585032251563395","44","702","12","11240","ZWILCH,BUB1,BUB1B,GMNN,TIPIN,CHEK1,CDKN2A,MAD1L1,MDM1,EIF2AK4,CDKN1C,AURKB"
"GO:BP","nucleoside phosphate biosynthetic process","GO:1901293","0.007868097919520655","2.1041302438667238","102","702","19","11240","ADSL,UMPS,NME1,ATP5C1,DTYMK,GMPS,PANK2,IMPDH2,GART,ADA,CTPS,NPR2,NME4,PAICS,RRM2,ATP5B,ATP5G1,AK2,ATP5H"
"GO:BP","cellular amide metabolic process","GO:0043603","0.007996851710716324","2.0970809572295463","362","702","44","11240","NARS,EIF1B,MRPS7,RPL18A,ORMDL1,EIF4E2,MRPL13,DARS,MRPL12,AARS,MRPL37,FARSA,EIF1AX,MRPL16,MRPL11,EIF3B,EIF5,MRPS17,MRPS23,EIF3C,MRPS12,RPS11,MRPL14,TUFM,STK4,MRPL3,MRPL47,MRRF,EIF2AK4,HPGDS,RPS5,MRPL32,RPL4,RPS6,RPS19,FDXACB1,LARS,MRPL18,RPL13A,EEF1G,RPS24,RPLP2,IMMP2L,RPS13"
"GO:BP","nucleobase-containing small molecule metabolic process","GO:0055086","0.008610038657858492","2.064994898621033","189","702","28","11240","ADSL,UMPS,MPI,NME1,DCTD,ATP5C1,DTYMK,GMPS,ADK,ENO4,CAD,PANK2,IMPDH2,DCTPP1,GART,PPAT,ADA,CTPS,NPR2,DERA,NME4,PAICS,TGDS,RRM2,ATP5B,ATP5G1,AK2,ATP5H"
"GO:BP","regulation of cell cycle phase transition","GO:1901987","0.011373857534124258","1.9440922159054785","21","702","8","11240","CDC25B,BUB1,BUB1B,CDC26,CDC25A,CDC25C,MAD1L1,AURKB"
"GO:BP","purine-containing compound biosynthetic process","GO:0072522","0.013205633788166183","1.879240750526879","71","702","15","11240","ADSL,NME1,ATP5C1,GMPS,ADK,PANK2,IMPDH2,GART,PPAT,NME4,PAICS,ATP5B,ATP5G1,AK2,ATP5H"
"GO:BP","mitotic cell cycle phase transition","GO:0044772","0.01690037421674234","1.7721036789089941","22","702","8","11240","BUB1,BUB1B,CDC26,CCNE2,CCNE1,FOXM1,MAD1L1,AURKB"
"GO:BP","nucleotide biosynthetic process","GO:0009165","0.021198765585943514","1.6736894275062233","100","702","18","11240","ADSL,UMPS,NME1,ATP5C1,DTYMK,GMPS,PANK2,IMPDH2,GART,CTPS,NPR2,NME4,PAICS,RRM2,ATP5B,ATP5G1,AK2,ATP5H"
"GO:BP","cytoskeleton organization","GO:0007010","0.02296682917155863","1.638898959892087","275","702","35","11240","CEP57,PCM1,ESPN,MAST1,CEP152,TPX2,EVPL,FMNL1,HAUS4,DAAM1,ASPM,PLK4,ELMO1,CORO1C,HAUS6,HAUS1,CNTROB,CEP70,CDK5RAP2,CEP192,ECT2,AURKA,MAPRE1,GAS2L3,MDM1,CAPZA1,SIPA1L1,PACSIN1,CAPZB,ARHGEF10,PRC1,CFL2,WASF2,CCDC151,ABLIM3"
"GO:BP","ribonucleotide biosynthetic process","GO:0009260","0.027830297601039247","1.5554821495481665","67","702","14","11240","ADSL,UMPS,NME1,ATP5C1,GMPS,PANK2,GART,CTPS,NME4,PAICS,ATP5B,ATP5G1,AK2,ATP5H"
"GO:BP","ribose phosphate biosynthetic process","GO:0046390","0.027830297601039247","1.5554821495481665","67","702","14","11240","ADSL,UMPS,NME1,ATP5C1,GMPS,PANK2,GART,CTPS,NME4,PAICS,ATP5B,ATP5G1,AK2,ATP5H"
"GO:BP","ribonucleoprotein complex biogenesis","GO:0022613","0.03588867418406655","1.4450425852772204","77","702","15","11240","ISY1,RCL1,RPLP0,MRTO4,SNRPG,GAR1,RRS1,GEMIN6,WDR12,PRPF31,TBL3,BOP1,FBL,DIMT1,SNRPF"
"GO:BP","centrosome cycle","GO:0007098","0.04865762377663778","1.312849103911001","19","702","7","11240","CEP152,HAUS4,PLK4,CNTROB,CEP192,AURKA,MDM1"
